cell,concept,alpha,content_enjoyment,content_usefulness,production_complexity,production_quality
pci_all,piano,-30.0,6.723196,7.519172,5.535795,7.30675
pci_all,piano,-28.0,6.769224,7.555375,5.553383,7.338013
pci_all,piano,-26.0,6.71963,7.561937,5.546709,7.347476
pci_all,piano,-24.0,6.691892,7.529164,5.477019,7.349424
pci_all,piano,-22.0,6.690812,7.52317,5.48321,7.333365
pci_all,piano,-20.0,6.681861,7.520728,5.512926,7.339734
pci_all,piano,-18.0,6.667957,7.510482,5.477231,7.356988
pci_all,piano,-16.0,6.679158,7.531489,5.49977,7.355129
pci_all,piano,-14.0,6.689992,7.547746,5.487337,7.354553
pci_all,piano,-12.0,6.714179,7.557866,5.496144,7.368267
pci_all,piano,-10.0,6.718885,7.573755,5.49052,7.384756
pci_all,piano,-8.0,6.738287,7.582921,5.496734,7.395554
pci_all,piano,-6.0,6.731359,7.58076,5.479144,7.393325
pci_all,piano,-4.0,6.743926,7.593423,5.495518,7.407154
pci_all,piano,-2.0,6.751542,7.606042,5.494435,7.418971
pci_all,piano,0.0,6.749202,7.59597,5.500024,7.40565
pci_all,piano,2.0,6.74404,7.600061,5.498641,7.408516
pci_all,piano,4.0,6.754382,7.598045,5.503487,7.412725
pci_all,piano,6.0,6.750095,7.595395,5.492076,7.411252
pci_all,piano,8.0,6.754727,7.597599,5.492454,7.416701
pci_all,piano,10.0,6.749174,7.601306,5.505671,7.414065
pci_all,piano,12.0,6.760613,7.596339,5.515667,7.416039
pci_all,piano,14.0,6.764253,7.611223,5.510583,7.419447
pci_all,piano,16.0,6.763402,7.613153,5.51444,7.43109
pci_all,piano,18.0,6.759008,7.609809,5.503795,7.426166
pci_all,piano,20.0,6.793895,7.618767,5.517542,7.417911
pci_all,piano,22.0,6.783746,7.630283,5.497535,7.432621
pci_all,piano,24.0,6.794639,7.631985,5.483814,7.433619
pci_all,piano,26.0,6.864538,7.659003,5.492163,7.467849
pci_all,piano,28.0,6.920586,7.711427,5.456902,7.533211
pci_all,piano,30.0,7.034031,7.785209,5.279114,7.614038
pci_loc,piano,-30.0,6.806756,7.57311,5.523037,7.365237
pci_loc,piano,-28.0,6.812858,7.570113,5.537212,7.380461
pci_loc,piano,-26.0,6.741384,7.549692,5.509251,7.363556
pci_loc,piano,-24.0,6.766583,7.560275,5.522974,7.38815
pci_loc,piano,-22.0,6.765657,7.579965,5.511959,7.396808
pci_loc,piano,-20.0,6.73125,7.551651,5.495503,7.371288
pci_loc,piano,-18.0,6.682625,7.544264,5.50752,7.370643
pci_loc,piano,-16.0,6.690431,7.55651,5.502179,7.383806
pci_loc,piano,-14.0,6.717393,7.573882,5.515419,7.387795
pci_loc,piano,-12.0,6.700024,7.550655,5.500365,7.380463
pci_loc,piano,-10.0,6.710603,7.544126,5.501506,7.370458
pci_loc,piano,-8.0,6.694373,7.543232,5.487317,7.371411
pci_loc,piano,-6.0,6.702742,7.54528,5.481024,7.380977
pci_loc,piano,-4.0,6.689858,7.549253,5.482222,7.384036
pci_loc,piano,-2.0,6.697633,7.542616,5.491438,7.37706
pci_loc,piano,0.0,6.749202,7.59597,5.500024,7.40565
pci_loc,piano,2.0,6.697459,7.538969,5.489953,7.377787
pci_loc,piano,4.0,6.697249,7.539709,5.488307,7.379276
pci_loc,piano,6.0,6.698331,7.545314,5.480269,7.389818
pci_loc,piano,8.0,6.704769,7.547681,5.489534,7.38967
pci_loc,piano,10.0,6.697162,7.546737,5.487204,7.39641
pci_loc,piano,12.0,6.711092,7.561009,5.484105,7.399347
pci_loc,piano,14.0,6.707697,7.561054,5.495646,7.393243
pci_loc,piano,16.0,6.736212,7.584809,5.515982,7.409728
pci_loc,piano,18.0,6.733223,7.592641,5.50098,7.412748
pci_loc,piano,20.0,6.756425,7.590894,5.509927,7.412199
pci_loc,piano,22.0,6.75312,7.613975,5.488883,7.416208
pci_loc,piano,24.0,6.808961,7.622942,5.501694,7.432242
pci_loc,piano,26.0,6.833342,7.650876,5.483331,7.448649
pci_loc,piano,28.0,6.959056,7.715206,5.495768,7.528556
pci_loc,piano,30.0,7.003934,7.772383,5.302569,7.591271
textemb_all,piano,-0.1852,6.114297,7.142554,5.225336,6.966204
textemb_all,piano,-0.1729,6.266791,7.233073,5.301845,7.024302
textemb_all,piano,-0.1605,6.341884,7.332079,5.356345,7.098875
textemb_all,piano,-0.1482,6.440047,7.404988,5.420835,7.18353
textemb_all,piano,-0.1358,6.516724,7.464881,5.496305,7.257425
textemb_all,piano,-0.1235,6.58552,7.501801,5.524796,7.287298
textemb_all,piano,-0.1111,6.628203,7.54163,5.498681,7.345098
textemb_all,piano,-0.0988,6.721889,7.578139,5.483503,7.38865
textemb_all,piano,-0.0864,6.753892,7.602663,5.496617,7.42323
textemb_all,piano,-0.0741,6.747333,7.599352,5.496391,7.42741
textemb_all,piano,-0.0617,6.752309,7.593102,5.48059,7.41289
textemb_all,piano,-0.0494,6.763032,7.599892,5.48383,7.416127
textemb_all,piano,-0.037,6.748462,7.574887,5.505273,7.412831
textemb_all,piano,-0.0247,6.746039,7.58628,5.499748,7.408389
textemb_all,piano,-0.0123,6.740441,7.589067,5.49818,7.406344
textemb_all,piano,0.0,6.749202,7.59597,5.500024,7.40565
textemb_all,piano,0.0702,6.779267,7.61268,5.507452,7.413709
textemb_all,piano,0.1403,6.769885,7.618077,5.516775,7.409822
textemb_all,piano,0.2105,6.793909,7.631162,5.533053,7.424381
textemb_all,piano,0.2806,6.818692,7.651951,5.515916,7.434692
textemb_all,piano,0.3508,6.82442,7.658661,5.508249,7.459174
textemb_all,piano,0.4209,6.838894,7.659522,5.499521,7.473952
textemb_all,piano,0.4911,6.828538,7.627648,5.480855,7.453841
textemb_all,piano,0.5612,6.841817,7.640357,5.457514,7.458065
textemb_all,piano,0.6314,6.849448,7.656449,5.448526,7.477766
textemb_all,piano,0.7015,6.852674,7.667633,5.412518,7.510793
textemb_all,piano,0.7717,6.85375,7.665252,5.398488,7.501454
textemb_all,piano,0.8418,6.833624,7.626482,5.347048,7.477819
textemb_all,piano,0.912,6.953813,7.727739,5.350044,7.549765
textemb_all,piano,0.9821,7.002987,7.756689,5.299401,7.576911
textemb_all,piano,1.0523,7.068178,7.836759,5.219532,7.657492
textemb_loc,piano,-0.3104,6.241037,7.214118,5.422097,7.130221
textemb_loc,piano,-0.2897,6.248377,7.218228,5.363664,7.123543
textemb_loc,piano,-0.269,6.258644,7.25514,5.368176,7.128262
textemb_loc,piano,-0.2483,6.322145,7.308178,5.408239,7.157552
textemb_loc,piano,-0.2276,6.390845,7.376015,5.410212,7.217733
textemb_loc,piano,-0.2069,6.503452,7.475403,5.459417,7.290508
textemb_loc,piano,-0.1862,6.555729,7.488226,5.455169,7.330736
textemb_loc,piano,-0.1655,6.738912,7.583639,5.476256,7.417632
textemb_loc,piano,-0.1449,6.804703,7.635215,5.513153,7.456777
textemb_loc,piano,-0.1242,6.724448,7.586989,5.461073,7.424008
textemb_loc,piano,-0.1035,6.75546,7.585048,5.494398,7.414266
textemb_loc,piano,-0.0828,6.719646,7.554896,5.49638,7.421072
textemb_loc,piano,-0.0621,6.732068,7.569875,5.498425,7.416552
textemb_loc,piano,-0.0414,6.715091,7.551652,5.510216,7.390174
textemb_loc,piano,-0.0207,6.710964,7.557953,5.516504,7.390133
textemb_loc,piano,0.0,6.749202,7.59597,5.500024,7.40565
textemb_loc,piano,0.0717,6.726747,7.566996,5.500833,7.379078
textemb_loc,piano,0.1433,6.770799,7.602449,5.517352,7.413606
textemb_loc,piano,0.215,6.781453,7.60134,5.507595,7.424282
textemb_loc,piano,0.2866,6.754948,7.60958,5.50026,7.431019
textemb_loc,piano,0.3583,6.761406,7.609208,5.502902,7.429515
textemb_loc,piano,0.43,6.767218,7.628906,5.495533,7.462382
textemb_loc,piano,0.5016,6.799786,7.62737,5.477572,7.454812
textemb_loc,piano,0.5733,6.801266,7.628267,5.46471,7.459508
textemb_loc,piano,0.6449,6.813162,7.637345,5.44522,7.483156
textemb_loc,piano,0.7166,6.849746,7.649486,5.434788,7.488027
textemb_loc,piano,0.7883,6.870096,7.674896,5.408179,7.512952
textemb_loc,piano,0.8599,6.880492,7.666978,5.364757,7.500444
textemb_loc,piano,0.9316,6.917784,7.713893,5.360961,7.52265
textemb_loc,piano,1.0032,6.989567,7.767581,5.299582,7.586925
textemb_loc,piano,1.0749,7.064904,7.825386,5.239261,7.647825
tokemb_all,piano,-1.7854,6.03978,7.292336,5.395,7.07367
tokemb_all,piano,-1.6664,6.083484,7.328763,5.403618,7.106346
tokemb_all,piano,-1.5473,6.187577,7.369872,5.433468,7.158991
tokemb_all,piano,-1.4283,6.189069,7.385916,5.399453,7.174993
tokemb_all,piano,-1.3093,6.230177,7.373215,5.428245,7.168412
tokemb_all,piano,-1.1903,6.282981,7.411991,5.437998,7.209348
tokemb_all,piano,-1.0712,6.31216,7.415312,5.443998,7.201465
tokemb_all,piano,-0.9522,6.342643,7.416761,5.456468,7.217711
tokemb_all,piano,-0.8332,6.396711,7.453119,5.472764,7.257603
tokemb_all,piano,-0.7142,6.456356,7.469651,5.487372,7.288249
tokemb_all,piano,-0.5951,6.535475,7.498108,5.501518,7.314593
tokemb_all,piano,-0.4761,6.53782,7.503831,5.476577,7.321092
tokemb_all,piano,-0.3571,6.624008,7.544768,5.502748,7.369429
tokemb_all,piano,-0.2381,6.64686,7.552084,5.518687,7.361956
tokemb_all,piano,-0.119,6.707682,7.579255,5.496581,7.382116
tokemb_all,piano,0.0,6.749202,7.59597,5.500024,7.40565
tokemb_all,piano,0.0923,6.765801,7.610028,5.512651,7.412596
tokemb_all,piano,0.1846,6.788933,7.618257,5.515423,7.423996
tokemb_all,piano,0.2768,6.784141,7.622103,5.517596,7.432639
tokemb_all,piano,0.3691,6.825393,7.642637,5.514842,7.452448
tokemb_all,piano,0.4614,6.809195,7.637367,5.493975,7.450106
tokemb_all,piano,0.5537,6.825464,7.628079,5.511072,7.447984
tokemb_all,piano,0.646,6.856512,7.643268,5.517402,7.455298
tokemb_all,piano,0.7382,6.847425,7.638844,5.49713,7.458295
tokemb_all,piano,0.8305,6.855119,7.649225,5.505602,7.450985
tokemb_all,piano,0.9228,6.856656,7.664934,5.500658,7.483462
tokemb_all,piano,1.0151,6.946059,7.717946,5.4815,7.535676
tokemb_all,piano,1.1074,6.948646,7.727152,5.420094,7.557823
tokemb_all,piano,1.1996,6.987794,7.7526,5.315851,7.580946
tokemb_all,piano,1.2919,7.101978,7.82398,5.241303,7.647837
tokemb_all,piano,1.3842,7.160479,7.875309,5.180938,7.692751
tokemb_loc,piano,-1.8283,5.881162,7.235023,5.363215,7.03997
tokemb_loc,piano,-1.7064,5.980341,7.274039,5.377293,7.063255
tokemb_loc,piano,-1.5845,6.03771,7.298959,5.395412,7.091816
tokemb_loc,piano,-1.4626,6.10172,7.316861,5.395903,7.116215
tokemb_loc,piano,-1.3408,6.130085,7.324227,5.424345,7.122193
tokemb_loc,piano,-1.2189,6.242448,7.382018,5.465264,7.171738
tokemb_loc,piano,-1.097,6.284679,7.402969,5.462542,7.189202
tokemb_loc,piano,-0.9751,6.350931,7.43872,5.456625,7.22812
tokemb_loc,piano,-0.8532,6.361371,7.433295,5.447631,7.243721
tokemb_loc,piano,-0.7313,6.434238,7.456297,5.46606,7.27104
tokemb_loc,piano,-0.6094,6.472058,7.456607,5.468432,7.284058
tokemb_loc,piano,-0.4875,6.563546,7.513427,5.472674,7.344602
tokemb_loc,piano,-0.3657,6.619243,7.525057,5.485064,7.35264
tokemb_loc,piano,-0.2438,6.661819,7.545022,5.489923,7.38076
tokemb_loc,piano,-0.1219,6.67362,7.5431,5.493805,7.384075
tokemb_loc,piano,0.0,6.749202,7.59597,5.500024,7.40565
tokemb_loc,piano,0.0954,6.71637,7.544936,5.482576,7.379484
tokemb_loc,piano,0.1908,6.744805,7.567983,5.506592,7.407701
tokemb_loc,piano,0.2862,6.763765,7.579821,5.490757,7.415538
tokemb_loc,piano,0.3816,6.788801,7.608021,5.533402,7.433451
tokemb_loc,piano,0.477,6.807273,7.613695,5.540287,7.428629
tokemb_loc,piano,0.5724,6.829673,7.642803,5.52869,7.469961
tokemb_loc,piano,0.6678,6.825093,7.641641,5.528572,7.467811
tokemb_loc,piano,0.7631,6.825945,7.64053,5.536311,7.458337
tokemb_loc,piano,0.8585,6.81855,7.644975,5.520401,7.453243
tokemb_loc,piano,0.9539,6.836287,7.657072,5.495801,7.461218
tokemb_loc,piano,1.0493,6.899409,7.716622,5.441848,7.527522
tokemb_loc,piano,1.1447,6.94338,7.735934,5.378652,7.560942
tokemb_loc,piano,1.2401,7.040912,7.802967,5.285371,7.624684
tokemb_loc,piano,1.3355,7.0888,7.837897,5.210431,7.649978
tokemb_loc,piano,1.4309,7.127339,7.864968,5.149812,7.673921
freesliders_all,piano,-2.0965,6.456406,7.358679,5.580124,7.127794
freesliders_all,piano,-1.9567,6.442101,7.354583,5.562622,7.128696
freesliders_all,piano,-1.817,6.479798,7.380058,5.553033,7.159905
freesliders_all,piano,-1.6772,6.50807,7.393986,5.559192,7.182296
freesliders_all,piano,-1.5374,6.500825,7.414684,5.547023,7.208929
freesliders_all,piano,-1.3977,6.526442,7.423253,5.555581,7.23997
freesliders_all,piano,-1.2579,6.558114,7.443354,5.538169,7.265063
freesliders_all,piano,-1.1181,6.576622,7.464164,5.561468,7.27631
freesliders_all,piano,-0.9784,6.603888,7.481371,5.558091,7.276793
freesliders_all,piano,-0.8386,6.618971,7.487172,5.55337,7.289061
freesliders_all,piano,-0.6988,6.682466,7.518592,5.543674,7.328044
freesliders_all,piano,-0.5591,6.674199,7.529048,5.528888,7.348394
freesliders_all,piano,-0.4193,6.692377,7.553943,5.520923,7.372669
freesliders_all,piano,-0.2795,6.711307,7.546218,5.533254,7.361708
freesliders_all,piano,-0.1398,6.708101,7.561037,5.49886,7.389209
freesliders_all,piano,0.0,6.749202,7.59597,5.500024,7.40565
freesliders_all,piano,0.1719,6.737064,7.597324,5.492012,7.394102
freesliders_all,piano,0.3439,6.718059,7.600687,5.477371,7.390019
freesliders_all,piano,0.5158,6.747874,7.604279,5.483995,7.398655
freesliders_all,piano,0.6877,6.772266,7.628741,5.448961,7.428455
freesliders_all,piano,0.8596,6.760831,7.613521,5.443282,7.41309
freesliders_all,piano,1.0316,6.768401,7.619903,5.435815,7.410017
freesliders_all,piano,1.2035,6.808611,7.650269,5.433725,7.448566
freesliders_all,piano,1.3754,6.800155,7.657207,5.393501,7.439091
freesliders_all,piano,1.5473,6.808612,7.669564,5.369637,7.454865
freesliders_all,piano,1.7193,6.824856,7.686081,5.336851,7.488195
freesliders_all,piano,1.8912,6.821614,7.694871,5.30279,7.496952
freesliders_all,piano,2.0631,6.783631,7.68259,5.27336,7.47993
freesliders_all,piano,2.235,6.790424,7.699108,5.249552,7.489131
freesliders_all,piano,2.407,6.821265,7.714754,5.250017,7.508809
freesliders_all,piano,2.5789,6.796039,7.696642,5.196748,7.491356
freesliders_loc,piano,-2.3005,6.421259,7.347418,5.572109,7.134133
freesliders_loc,piano,-2.1471,6.410666,7.362914,5.545007,7.141542
freesliders_loc,piano,-1.9938,6.417598,7.358936,5.519095,7.154447
freesliders_loc,piano,-1.8404,6.432572,7.357774,5.542968,7.148747
freesliders_loc,piano,-1.687,6.5027,7.403349,5.534928,7.203582
freesliders_loc,piano,-1.5337,6.524613,7.427635,5.555853,7.227413
freesliders_loc,piano,-1.3803,6.550386,7.431723,5.538421,7.252802
freesliders_loc,piano,-1.2269,6.576712,7.477186,5.553762,7.277098
freesliders_loc,piano,-1.0736,6.605865,7.480879,5.546738,7.298776
freesliders_loc,piano,-0.9202,6.642533,7.507104,5.526893,7.315291
freesliders_loc,piano,-0.7668,6.62881,7.50311,5.513484,7.317377
freesliders_loc,piano,-0.6135,6.682884,7.528289,5.524303,7.345179
freesliders_loc,piano,-0.4601,6.691816,7.532186,5.530974,7.350579
freesliders_loc,piano,-0.3067,6.687965,7.547453,5.520608,7.363761
freesliders_loc,piano,-0.1534,6.718362,7.583497,5.508017,7.399649
freesliders_loc,piano,0.0,6.749202,7.59597,5.500024,7.40565
freesliders_loc,piano,0.1978,6.729196,7.593023,5.497507,7.386816
freesliders_loc,piano,0.3955,6.725085,7.605398,5.473255,7.383636
freesliders_loc,piano,0.5933,6.716122,7.592943,5.467155,7.389127
freesliders_loc,piano,0.7911,6.749932,7.617953,5.456608,7.410895
freesliders_loc,piano,0.9888,6.761478,7.628628,5.434695,7.43218
freesliders_loc,piano,1.1866,6.788278,7.633436,5.424931,7.431862
freesliders_loc,piano,1.3844,6.777723,7.62949,5.379947,7.427839
freesliders_loc,piano,1.5821,6.772797,7.653327,5.349345,7.438709
freesliders_loc,piano,1.7799,6.779714,7.673191,5.311673,7.465885
freesliders_loc,piano,1.9777,6.795263,7.685082,5.265776,7.487156
freesliders_loc,piano,2.1754,6.824899,7.703718,5.261945,7.50014
freesliders_loc,piano,2.3732,6.818587,7.706973,5.243698,7.492658
freesliders_loc,piano,2.571,6.856142,7.739548,5.228037,7.540082
freesliders_loc,piano,2.7687,6.849045,7.753372,5.191554,7.541407
freesliders_loc,piano,2.9665,6.879453,7.746563,5.187319,7.541671
cs_all,piano,-0.1809,6.175222,7.203898,5.727958,6.959556
cs_all,piano,-0.1688,6.23368,7.246848,5.724227,7.015863
cs_all,piano,-0.1568,6.298034,7.306524,5.73352,7.057356
cs_all,piano,-0.1447,6.293779,7.304891,5.712151,7.053934
cs_all,piano,-0.1327,6.348798,7.348696,5.686831,7.114587
cs_all,piano,-0.1206,6.410472,7.398464,5.687961,7.157895
cs_all,piano,-0.1085,6.435228,7.404541,5.67168,7.173252
cs_all,piano,-0.0965,6.452481,7.410963,5.658925,7.196035
cs_all,piano,-0.0844,6.516827,7.450969,5.644917,7.233674
cs_all,piano,-0.0724,6.5632,7.458334,5.625939,7.250289
cs_all,piano,-0.0603,6.614928,7.490304,5.600855,7.291296
cs_all,piano,-0.0482,6.655305,7.526131,5.583316,7.334504
cs_all,piano,-0.0362,6.697589,7.557971,5.566556,7.375232
cs_all,piano,-0.0241,6.702391,7.560918,5.522003,7.389346
cs_all,piano,-0.0121,6.733969,7.586896,5.512791,7.404801
cs_all,piano,0.0,6.719814,7.578861,5.493161,7.399618
cs_all,piano,0.0111,6.75779,7.601156,5.50675,7.396975
cs_all,piano,0.0222,6.772585,7.620364,5.48594,7.423888
cs_all,piano,0.0333,6.831826,7.65547,5.488454,7.448406
cs_all,piano,0.0444,6.855176,7.652917,5.458513,7.456957
cs_all,piano,0.0555,6.870667,7.657273,5.430321,7.45663
cs_all,piano,0.0666,6.896416,7.681512,5.394255,7.464208
cs_all,piano,0.0777,6.88656,7.68475,5.369677,7.475442
cs_all,piano,0.0887,6.907593,7.707657,5.335676,7.485989
cs_all,piano,0.0998,6.939409,7.723914,5.308609,7.510068
cs_all,piano,0.1109,6.944913,7.733625,5.254797,7.515783
cs_all,piano,0.122,6.989596,7.762043,5.219984,7.551561
cs_all,piano,0.1331,7.008073,7.756315,5.197338,7.549173
cs_all,piano,0.1442,7.039466,7.776359,5.162255,7.558734
cs_all,piano,0.1553,7.071585,7.789004,5.119588,7.576289
cs_all,piano,0.1664,7.114601,7.817655,5.104057,7.604489
cs_loc,piano,-0.5281,6.471101,7.358863,5.776371,7.059008
cs_loc,piano,-0.4929,6.50398,7.38456,5.745021,7.087393
cs_loc,piano,-0.4577,6.548805,7.419021,5.769076,7.128154
cs_loc,piano,-0.4225,6.55827,7.43163,5.750245,7.152619
cs_loc,piano,-0.3873,6.592608,7.468687,5.736582,7.18427
cs_loc,piano,-0.3521,6.589993,7.46909,5.707107,7.209909
cs_loc,piano,-0.3169,6.627031,7.51461,5.723107,7.248172
cs_loc,piano,-0.2817,6.622455,7.504375,5.699659,7.259391
cs_loc,piano,-0.2464,6.642832,7.533819,5.696069,7.296223
cs_loc,piano,-0.2112,6.692341,7.573861,5.692719,7.34153
cs_loc,piano,-0.176,6.688197,7.564686,5.623669,7.338539
cs_loc,piano,-0.1408,6.686596,7.560618,5.59443,7.346846
cs_loc,piano,-0.1056,6.723088,7.586311,5.557255,7.381359
cs_loc,piano,-0.0704,6.742689,7.582658,5.529018,7.398972
cs_loc,piano,-0.0352,6.751285,7.591073,5.5298,7.398927
cs_loc,piano,0.0,6.719814,7.578861,5.493161,7.399618
cs_loc,piano,0.0292,6.733787,7.590151,5.492573,7.390157
cs_loc,piano,0.0584,6.774678,7.616023,5.495084,7.422172
cs_loc,piano,0.0877,6.802993,7.619145,5.471545,7.417415
cs_loc,piano,0.1169,6.816199,7.62724,5.457942,7.427812
cs_loc,piano,0.1461,6.795153,7.620435,5.426661,7.415564
cs_loc,piano,0.1753,6.782433,7.622374,5.379967,7.419453
cs_loc,piano,0.2045,6.766619,7.607499,5.347732,7.419077
cs_loc,piano,0.2338,6.764753,7.622202,5.319549,7.421003
cs_loc,piano,0.263,6.73791,7.602033,5.292482,7.407146
cs_loc,piano,0.2922,6.729566,7.597407,5.2481,7.401901
cs_loc,piano,0.3214,6.76493,7.626474,5.228848,7.42956
cs_loc,piano,0.3506,6.763966,7.614641,5.1638,7.402725
cs_loc,piano,0.3799,6.828016,7.661398,5.122325,7.467058
cs_loc,piano,0.4091,6.853702,7.692114,5.074273,7.486311
cs_loc,piano,0.4383,6.89035,7.685911,5.058422,7.475051
austeer_all,piano,-20.631,6.371333,7.402803,5.509252,7.113314
austeer_all,piano,-19.2556,6.37355,7.400562,5.511341,7.110122
austeer_all,piano,-17.8802,6.382345,7.403163,5.514895,7.137509
austeer_all,piano,-16.5048,6.401423,7.416209,5.510466,7.14837
austeer_all,piano,-15.1294,6.392262,7.407575,5.507868,7.135051
austeer_all,piano,-13.754,6.413649,7.412717,5.510439,7.137206
austeer_all,piano,-12.3786,6.425558,7.449035,5.5246,7.169731
austeer_all,piano,-11.0032,6.430423,7.434036,5.515749,7.1613
austeer_all,piano,-9.6278,6.462057,7.439461,5.526096,7.172511
austeer_all,piano,-8.2524,6.488534,7.459454,5.521884,7.204697
austeer_all,piano,-6.877,6.505527,7.47195,5.514063,7.224174
austeer_all,piano,-5.5016,6.533474,7.484603,5.512675,7.239712
austeer_all,piano,-4.1262,6.550011,7.483586,5.50648,7.256108
austeer_all,piano,-2.7508,6.601837,7.499642,5.510059,7.272944
austeer_all,piano,-1.3754,6.671559,7.543768,5.503784,7.33777
austeer_all,piano,0.0,6.749202,7.59597,5.500024,7.40565
austeer_all,piano,1.3726,6.76077,7.599658,5.471588,7.430256
austeer_all,piano,2.7451,6.719491,7.599218,5.454406,7.422744
austeer_all,piano,4.1177,6.701186,7.597684,5.442503,7.423073
austeer_all,piano,5.4903,6.654139,7.579185,5.41272,7.394207
austeer_all,piano,6.8628,6.618646,7.5594,5.396393,7.369757
austeer_all,piano,8.2354,6.585866,7.547817,5.39382,7.359857
austeer_all,piano,9.608,6.579031,7.547952,5.371053,7.346627
austeer_all,piano,10.9805,6.543095,7.544826,5.342936,7.331337
austeer_all,piano,12.3531,6.514407,7.531459,5.324851,7.326158
austeer_all,piano,13.7257,6.505556,7.520932,5.288211,7.320004
austeer_all,piano,15.0982,6.472718,7.507014,5.270566,7.3095
austeer_all,piano,16.4708,6.409594,7.472646,5.239536,7.265558
austeer_all,piano,17.8434,6.41064,7.482506,5.246169,7.278181
austeer_all,piano,19.2159,6.397905,7.47077,5.22529,7.264342
austeer_all,piano,20.5885,6.405684,7.474098,5.211212,7.272116
austeer_loc,piano,-3.3673,6.302718,7.281883,5.44403,7.070799
austeer_loc,piano,-3.1428,6.330905,7.311363,5.430825,7.110342
austeer_loc,piano,-2.9183,6.366019,7.340608,5.450107,7.123697
austeer_loc,piano,-2.6938,6.422942,7.36574,5.47312,7.162514
austeer_loc,piano,-2.4694,6.45285,7.376596,5.464715,7.178426
austeer_loc,piano,-2.2449,6.447007,7.383127,5.454891,7.194058
austeer_loc,piano,-2.0204,6.491068,7.398726,5.465649,7.212843
austeer_loc,piano,-1.7959,6.550457,7.444193,5.462182,7.267852
austeer_loc,piano,-1.5714,6.572352,7.452583,5.486383,7.286548
austeer_loc,piano,-1.3469,6.64226,7.503256,5.514322,7.324307
austeer_loc,piano,-1.1224,6.662969,7.525716,5.523675,7.351794
austeer_loc,piano,-0.8979,6.701594,7.558313,5.525712,7.384334
austeer_loc,piano,-0.6735,6.665429,7.528913,5.505572,7.348437
austeer_loc,piano,-0.449,6.719653,7.560745,5.515584,7.38945
austeer_loc,piano,-0.2245,6.731702,7.580323,5.487948,7.401743
austeer_loc,piano,0.0,6.749202,7.59597,5.500024,7.40565
austeer_loc,piano,0.2621,6.739474,7.596284,5.485643,7.402895
austeer_loc,piano,0.5243,6.778823,7.624945,5.490444,7.42394
austeer_loc,piano,0.7864,6.728406,7.585513,5.46728,7.374616
austeer_loc,piano,1.0485,6.733681,7.598168,5.442807,7.382818
austeer_loc,piano,1.3106,6.745082,7.610829,5.410835,7.394387
austeer_loc,piano,1.5728,6.77267,7.639173,5.388693,7.417079
austeer_loc,piano,1.8349,6.76883,7.640069,5.368741,7.422262
austeer_loc,piano,2.097,6.781259,7.657368,5.353238,7.446149
austeer_loc,piano,2.3591,6.778137,7.662988,5.33459,7.443128
austeer_loc,piano,2.6213,6.786923,7.676581,5.326414,7.466055
austeer_loc,piano,2.8834,6.787893,7.677317,5.298818,7.480853
austeer_loc,piano,3.1455,6.779321,7.663778,5.292399,7.452396
austeer_loc,piano,3.4076,6.786909,7.698129,5.275967,7.479029
austeer_loc,piano,3.6698,6.795666,7.697052,5.26981,7.480213
austeer_loc,piano,3.9319,6.824401,7.731796,5.260379,7.507528
caa_all,piano,-66.3859,6.852634,7.580338,5.620071,7.46922
caa_all,piano,-61.9602,6.856203,7.590179,5.61154,7.479296
caa_all,piano,-57.5344,6.860932,7.589703,5.617844,7.491126
caa_all,piano,-53.1087,6.873672,7.608576,5.608061,7.493288
caa_all,piano,-48.683,6.881463,7.617957,5.585623,7.502146
caa_all,piano,-44.2573,6.878864,7.614692,5.594864,7.488299
caa_all,piano,-39.8315,6.868531,7.601067,5.583307,7.486386
caa_all,piano,-35.4058,6.872773,7.603397,5.571113,7.493192
caa_all,piano,-30.9801,6.873306,7.602883,5.564075,7.485738
caa_all,piano,-26.5544,6.888981,7.628845,5.560667,7.503816
caa_all,piano,-22.1286,6.905184,7.636314,5.559675,7.504942
caa_all,piano,-17.7029,6.905107,7.650677,5.543962,7.509438
caa_all,piano,-13.2772,6.857989,7.630264,5.557175,7.480495
caa_all,piano,-8.8515,6.79662,7.604776,5.539532,7.433631
caa_all,piano,-4.4257,6.778013,7.59442,5.532346,7.408622
caa_all,piano,0.0,6.749202,7.59597,5.500024,7.40565
caa_all,piano,4.6175,6.689566,7.568624,5.489172,7.364094
caa_all,piano,9.235,6.663266,7.549523,5.460409,7.33654
caa_all,piano,13.8524,6.600679,7.528085,5.415538,7.327161
caa_all,piano,18.4699,6.572634,7.512463,5.385005,7.310883
caa_all,piano,23.0874,6.56764,7.488007,5.391444,7.277259
caa_all,piano,27.7049,6.51359,7.456859,5.349529,7.236145
caa_all,piano,32.3224,6.525217,7.463289,5.306863,7.230508
caa_all,piano,36.9398,6.487946,7.445505,5.253744,7.220367
caa_all,piano,41.5573,6.484099,7.445671,5.229432,7.208486
caa_all,piano,46.1748,6.472949,7.429634,5.21152,7.198903
caa_all,piano,50.7923,6.468816,7.443359,5.183643,7.208718
caa_all,piano,55.4098,6.423423,7.423292,5.150425,7.192097
caa_all,piano,60.0272,6.400758,7.394164,5.089238,7.172392
caa_all,piano,64.6447,6.417166,7.427032,5.091983,7.190032
caa_all,piano,69.2622,6.442563,7.457576,5.06533,7.210435
caa_loc,piano,-132.0726,6.233211,7.249361,5.388411,7.078245
caa_loc,piano,-123.2678,6.291767,7.272795,5.419961,7.09555
caa_loc,piano,-114.4629,6.329097,7.275668,5.454807,7.108999
caa_loc,piano,-105.6581,6.403937,7.347913,5.463336,7.167777
caa_loc,piano,-96.8532,6.430994,7.375483,5.439833,7.19723
caa_loc,piano,-88.0484,6.467541,7.403139,5.475257,7.218065
caa_loc,piano,-79.2436,6.486266,7.422201,5.469681,7.25349
caa_loc,piano,-70.4387,6.518742,7.440515,5.467948,7.26154
caa_loc,piano,-61.6339,6.521613,7.417923,5.458157,7.260894
caa_loc,piano,-52.829,6.548981,7.445877,5.471361,7.275157
caa_loc,piano,-44.0242,6.573154,7.463177,5.485982,7.281928
caa_loc,piano,-35.2194,6.66865,7.523793,5.505839,7.350115
caa_loc,piano,-26.4145,6.690906,7.548329,5.507911,7.370579
caa_loc,piano,-17.6097,6.707986,7.541432,5.484342,7.387655
caa_loc,piano,-8.8048,6.717062,7.573195,5.507593,7.401758
caa_loc,piano,0.0,6.749202,7.59597,5.500024,7.40565
caa_loc,piano,8.1113,6.735679,7.587781,5.503502,7.378551
caa_loc,piano,16.2226,6.783767,7.630825,5.492196,7.411598
caa_loc,piano,24.334,6.795396,7.645074,5.489934,7.422642
caa_loc,piano,32.4453,6.817121,7.644772,5.475137,7.411655
caa_loc,piano,40.5566,6.811748,7.629434,5.422988,7.410748
caa_loc,piano,48.6679,6.832949,7.656785,5.402133,7.42607
caa_loc,piano,56.7792,6.876106,7.693312,5.395984,7.466349
caa_loc,piano,64.8906,6.862807,7.68886,5.371659,7.452295
caa_loc,piano,73.0019,6.889766,7.701168,5.355737,7.457417
caa_loc,piano,81.1132,6.900101,7.724214,5.331991,7.48765
caa_loc,piano,89.2245,6.92869,7.756385,5.277978,7.513589
caa_loc,piano,97.3358,6.935175,7.76215,5.265113,7.529061
caa_loc,piano,105.4472,6.964389,7.78955,5.218972,7.55627
caa_loc,piano,113.5585,7.004457,7.811443,5.237501,7.580997
caa_loc,piano,121.6698,7.026821,7.837011,5.217416,7.603555
sae,piano,-24.7632,6.01817,7.224264,5.188003,7.125442
sae,piano,-23.1123,6.041491,7.235535,5.206185,7.141634
sae,piano,-21.4614,6.080226,7.237597,5.226823,7.150668
sae,piano,-19.8106,6.158106,7.282385,5.278179,7.180674
sae,piano,-18.1597,6.302631,7.369821,5.354786,7.245432
sae,piano,-16.5088,6.299129,7.363317,5.340726,7.230376
sae,piano,-14.8579,6.372555,7.397467,5.378783,7.26866
sae,piano,-13.207,6.406593,7.404603,5.393556,7.265538
sae,piano,-11.5562,6.435021,7.425235,5.422047,7.291668
sae,piano,-9.9053,6.519204,7.472091,5.450312,7.31135
sae,piano,-8.2544,6.549713,7.503286,5.483588,7.326639
sae,piano,-6.6035,6.632383,7.522487,5.49205,7.341151
sae,piano,-4.9526,6.627848,7.532685,5.496612,7.349292
sae,piano,-3.3018,6.670328,7.554184,5.491157,7.370732
sae,piano,-1.6509,6.726825,7.580485,5.499736,7.39978
sae,piano,0.0,6.749477,7.59654,5.504539,7.399148
sae,piano,1.6598,6.758225,7.608417,5.49619,7.41536
sae,piano,3.3197,6.826512,7.636743,5.528154,7.421096
sae,piano,4.9795,6.806398,7.620534,5.500002,7.404063
sae,piano,6.6393,6.836693,7.626077,5.495841,7.403293
sae,piano,8.2991,6.897931,7.669179,5.493238,7.438736
sae,piano,9.959,6.929086,7.689929,5.467294,7.472678
sae,piano,11.6188,6.972939,7.711235,5.48239,7.494633
sae,piano,13.2786,6.989696,7.722058,5.455812,7.507733
sae,piano,14.9384,6.984934,7.726343,5.417056,7.504346
sae,piano,16.5983,6.994665,7.748686,5.403299,7.532606
sae,piano,18.2581,7.029339,7.779168,5.395414,7.553041
sae,piano,19.9179,7.023258,7.781604,5.367934,7.553374
sae,piano,21.5777,7.030273,7.803268,5.354003,7.578168
sae,piano,23.2376,7.058151,7.815689,5.334457,7.601601
sae,piano,24.8974,7.067927,7.837534,5.317172,7.612098
pci_all,mood,-30.0,6.509298,7.355782,5.139537,7.192013
pci_all,mood,-28.0,6.53453,7.326236,5.25815,7.163754
pci_all,mood,-26.0,6.507024,7.352587,5.240957,7.142367
pci_all,mood,-24.0,6.523362,7.3327,5.308219,7.120005
pci_all,mood,-22.0,6.563532,7.334028,5.293466,7.15418
pci_all,mood,-20.0,6.550587,7.369731,5.302033,7.201336
pci_all,mood,-18.0,6.638426,7.467199,5.345081,7.277713
pci_all,mood,-16.0,6.692329,7.506568,5.352087,7.324466
pci_all,mood,-14.0,6.714887,7.531183,5.364791,7.347931
pci_all,mood,-12.0,6.729886,7.543315,5.360484,7.366538
pci_all,mood,-10.0,6.780142,7.57928,5.380748,7.392796
pci_all,mood,-8.0,6.763529,7.582942,5.375371,7.389339
pci_all,mood,-6.0,6.76817,7.58207,5.379936,7.388157
pci_all,mood,-4.0,6.759698,7.57341,5.386664,7.380752
pci_all,mood,-2.0,6.758343,7.590121,5.387072,7.389509
pci_all,mood,0.0,6.757402,7.591703,5.389435,7.397935
pci_all,mood,2.0,6.751671,7.582422,5.392619,7.391395
pci_all,mood,4.0,6.752031,7.583081,5.393414,7.386334
pci_all,mood,6.0,6.746877,7.575535,5.387892,7.386835
pci_all,mood,8.0,6.753777,7.573434,5.38614,7.389259
pci_all,mood,10.0,6.759646,7.578059,5.393568,7.393828
pci_all,mood,12.0,6.762723,7.592944,5.388997,7.405648
pci_all,mood,14.0,6.811599,7.62188,5.435665,7.436264
pci_all,mood,16.0,6.837093,7.641408,5.437017,7.447457
pci_all,mood,18.0,6.850026,7.65033,5.441891,7.462455
pci_all,mood,20.0,6.867609,7.656792,5.425104,7.473599
pci_all,mood,22.0,6.887429,7.644805,5.44612,7.478983
pci_all,mood,24.0,6.924761,7.674893,5.475431,7.523954
pci_all,mood,26.0,6.946455,7.694695,5.492935,7.549282
pci_all,mood,28.0,6.994628,7.715796,5.555147,7.548097
pci_all,mood,30.0,6.954651,7.702772,5.618835,7.513194
pci_loc,mood,-30.0,6.481204,7.331942,5.20597,7.152073
pci_loc,mood,-28.0,6.515895,7.348039,5.327721,7.160036
pci_loc,mood,-26.0,6.463196,7.312241,5.284298,7.140005
pci_loc,mood,-24.0,6.509575,7.322203,5.293371,7.19054
pci_loc,mood,-22.0,6.500698,7.323142,5.304993,7.160541
pci_loc,mood,-20.0,6.543354,7.371395,5.329088,7.235421
pci_loc,mood,-18.0,6.577504,7.417357,5.363265,7.240249
pci_loc,mood,-16.0,6.635648,7.462195,5.362785,7.293368
pci_loc,mood,-14.0,6.677417,7.509649,5.385092,7.319955
pci_loc,mood,-12.0,6.727853,7.547339,5.390751,7.363528
pci_loc,mood,-10.0,6.745637,7.554771,5.388542,7.363216
pci_loc,mood,-8.0,6.758301,7.575527,5.400064,7.384455
pci_loc,mood,-6.0,6.744592,7.561851,5.394243,7.370734
pci_loc,mood,-4.0,6.757907,7.563999,5.40266,7.3839
pci_loc,mood,-2.0,6.751007,7.56033,5.395853,7.374604
pci_loc,mood,0.0,6.757402,7.591703,5.389435,7.397935
pci_loc,mood,2.0,6.745601,7.556506,5.408491,7.372175
pci_loc,mood,4.0,6.754255,7.556795,5.400587,7.376653
pci_loc,mood,6.0,6.748528,7.558907,5.400166,7.37407
pci_loc,mood,8.0,6.753259,7.562214,5.401613,7.384651
pci_loc,mood,10.0,6.74867,7.564882,5.400849,7.377915
pci_loc,mood,12.0,6.741818,7.55132,5.398423,7.373176
pci_loc,mood,14.0,6.749998,7.564233,5.401944,7.391823
pci_loc,mood,16.0,6.752705,7.575104,5.41836,7.401203
pci_loc,mood,18.0,6.75665,7.559856,5.408403,7.390173
pci_loc,mood,20.0,6.764463,7.569312,5.429172,7.402974
pci_loc,mood,22.0,6.766871,7.567412,5.430926,7.409052
pci_loc,mood,24.0,6.79628,7.583792,5.435497,7.43502
pci_loc,mood,26.0,6.852532,7.608225,5.43289,7.465359
pci_loc,mood,28.0,6.854906,7.647639,5.456679,7.476036
pci_loc,mood,30.0,6.86153,7.638175,5.489643,7.431575
textemb_all,mood,-0.4392,5.545552,6.718405,4.729754,6.717082
textemb_all,mood,-0.4099,5.626501,6.755472,4.799706,6.725247
textemb_all,mood,-0.3806,5.677349,6.848848,4.848403,6.799067
textemb_all,mood,-0.3514,5.777446,6.910987,4.924954,6.867162
textemb_all,mood,-0.3221,5.874745,6.96511,4.989717,6.902945
textemb_all,mood,-0.2928,5.973366,7.007405,5.043224,6.962187
textemb_all,mood,-0.2635,6.12043,7.084607,5.095894,7.0265
textemb_all,mood,-0.2342,6.225577,7.186403,5.13152,7.07746
textemb_all,mood,-0.205,6.304132,7.289908,5.173575,7.162768
textemb_all,mood,-0.1757,6.436137,7.379934,5.256755,7.214549
textemb_all,mood,-0.1464,6.596609,7.452856,5.326425,7.274188
textemb_all,mood,-0.1171,6.73305,7.555914,5.385181,7.357612
textemb_all,mood,-0.0878,6.833399,7.635743,5.445513,7.436818
textemb_all,mood,-0.0586,6.814886,7.614641,5.437904,7.416549
textemb_all,mood,-0.0293,6.80961,7.627861,5.446867,7.418722
textemb_all,mood,0.0,6.757402,7.591703,5.389435,7.397935
textemb_all,mood,0.0239,6.76692,7.59126,5.405935,7.395545
textemb_all,mood,0.0479,6.791536,7.605499,5.397632,7.420076
textemb_all,mood,0.0718,6.808074,7.629138,5.404056,7.425277
textemb_all,mood,0.0957,6.799497,7.620356,5.401462,7.432968
textemb_all,mood,0.1197,6.749285,7.593032,5.368551,7.422581
textemb_all,mood,0.1436,6.700231,7.55358,5.36635,7.369924
textemb_all,mood,0.1675,6.624761,7.511899,5.331281,7.338824
textemb_all,mood,0.1915,6.580835,7.468998,5.321071,7.282356
textemb_all,mood,0.2154,6.521132,7.413643,5.318002,7.249124
textemb_all,mood,0.2393,6.431874,7.36817,5.234659,7.221744
textemb_all,mood,0.2633,6.368831,7.329884,5.210875,7.189543
textemb_all,mood,0.2872,6.344301,7.309865,5.222309,7.19533
textemb_all,mood,0.3111,6.337171,7.281411,5.250057,7.166315
textemb_all,mood,0.3351,6.293688,7.24672,5.245426,7.141856
textemb_all,mood,0.359,6.311688,7.263345,5.254879,7.151105
textemb_loc,mood,-0.6872,6.276153,7.209542,5.427877,7.128986
textemb_loc,mood,-0.6414,6.325821,7.257148,5.415675,7.153701
textemb_loc,mood,-0.5956,6.371967,7.288231,5.413217,7.177835
textemb_loc,mood,-0.5498,6.399266,7.303488,5.436811,7.1874
textemb_loc,mood,-0.5039,6.449914,7.319429,5.426763,7.220646
textemb_loc,mood,-0.4581,6.465369,7.328178,5.414586,7.212676
textemb_loc,mood,-0.4123,6.525013,7.352529,5.429015,7.216404
textemb_loc,mood,-0.3665,6.565041,7.417846,5.400879,7.265087
textemb_loc,mood,-0.3207,6.607962,7.44456,5.370536,7.30454
textemb_loc,mood,-0.2749,6.635582,7.456621,5.389294,7.305716
textemb_loc,mood,-0.2291,6.636404,7.43417,5.391907,7.27349
textemb_loc,mood,-0.1833,6.675409,7.513483,5.379065,7.347437
textemb_loc,mood,-0.1374,6.769592,7.556401,5.398528,7.372593
textemb_loc,mood,-0.0916,6.724237,7.553236,5.376658,7.361274
textemb_loc,mood,-0.0458,6.760563,7.589908,5.411115,7.385825
textemb_loc,mood,0.0,6.757402,7.591703,5.389435,7.397935
textemb_loc,mood,0.0326,6.770478,7.586509,5.40345,7.393669
textemb_loc,mood,0.0653,6.807122,7.629508,5.41657,7.422525
textemb_loc,mood,0.0979,6.824087,7.642564,5.404106,7.444382
textemb_loc,mood,0.1306,6.831623,7.646312,5.413628,7.446658
textemb_loc,mood,0.1632,6.805767,7.624395,5.40487,7.423993
textemb_loc,mood,0.1958,6.763946,7.579961,5.402329,7.398935
textemb_loc,mood,0.2285,6.790711,7.600279,5.438841,7.420043
textemb_loc,mood,0.2611,6.762198,7.585081,5.433218,7.410588
textemb_loc,mood,0.2938,6.74084,7.561066,5.420173,7.399428
textemb_loc,mood,0.3264,6.705572,7.526389,5.407351,7.378227
textemb_loc,mood,0.359,6.741234,7.541173,5.455586,7.368993
textemb_loc,mood,0.3917,6.771182,7.572558,5.492774,7.403787
textemb_loc,mood,0.4243,6.785769,7.589094,5.513483,7.418654
textemb_loc,mood,0.457,6.786714,7.57083,5.546482,7.388011
textemb_loc,mood,0.4896,6.818595,7.573253,5.599236,7.415582
tokemb_all,mood,-2.3117,5.96187,7.156983,4.840009,7.125887
tokemb_all,mood,-2.1576,5.99184,7.184689,4.874217,7.12131
tokemb_all,mood,-2.0035,6.060686,7.184272,4.918214,7.10344
tokemb_all,mood,-1.8494,6.160975,7.248969,4.991406,7.180084
tokemb_all,mood,-1.6952,6.3104,7.342444,5.050264,7.247532
tokemb_all,mood,-1.5411,6.405168,7.382898,5.076134,7.283842
tokemb_all,mood,-1.387,6.432403,7.370967,5.105541,7.274334
tokemb_all,mood,-1.2329,6.478176,7.361282,5.164474,7.271862
tokemb_all,mood,-1.0788,6.537282,7.375585,5.203228,7.264959
tokemb_all,mood,-0.9247,6.4984,7.36197,5.203519,7.25767
tokemb_all,mood,-0.7706,6.544162,7.379473,5.269848,7.268371
tokemb_all,mood,-0.6165,6.603039,7.439284,5.35141,7.308622
tokemb_all,mood,-0.4623,6.754305,7.577925,5.415001,7.378556
tokemb_all,mood,-0.3082,6.786536,7.602899,5.409989,7.415185
tokemb_all,mood,-0.1541,6.7825,7.588498,5.400956,7.404734
tokemb_all,mood,0.0,6.757402,7.591703,5.389435,7.397935
tokemb_all,mood,0.125,6.764915,7.580814,5.399501,7.3936
tokemb_all,mood,0.25,6.759755,7.575254,5.420358,7.392293
tokemb_all,mood,0.3749,6.766154,7.573959,5.414775,7.408125
tokemb_all,mood,0.4999,6.775327,7.578062,5.420745,7.405197
tokemb_all,mood,0.6249,6.747338,7.578189,5.426861,7.398013
tokemb_all,mood,0.7499,6.755218,7.599024,5.464454,7.405245
tokemb_all,mood,0.8749,6.753145,7.598741,5.465065,7.418624
tokemb_all,mood,0.9998,6.70979,7.565537,5.454058,7.362699
tokemb_all,mood,1.1248,6.646003,7.52317,5.418214,7.327588
tokemb_all,mood,1.2498,6.660145,7.532495,5.43804,7.330722
tokemb_all,mood,1.3748,6.63531,7.510519,5.438404,7.303774
tokemb_all,mood,1.4998,6.593579,7.486409,5.426837,7.291344
tokemb_all,mood,1.6247,6.54622,7.457879,5.439449,7.236031
tokemb_all,mood,1.7497,6.538297,7.44252,5.468655,7.223875
tokemb_all,mood,1.8747,6.531447,7.449444,5.461034,7.233807
tokemb_loc,mood,-2.6374,6.506658,7.469357,5.222095,7.30913
tokemb_loc,mood,-2.4616,6.613683,7.511612,5.306047,7.346222
tokemb_loc,mood,-2.2857,6.664207,7.542434,5.333005,7.361049
tokemb_loc,mood,-2.1099,6.726688,7.586874,5.326262,7.380957
tokemb_loc,mood,-1.9341,6.756478,7.607848,5.296402,7.427047
tokemb_loc,mood,-1.7583,6.724245,7.554426,5.320735,7.384229
tokemb_loc,mood,-1.5824,6.71126,7.531961,5.347243,7.355487
tokemb_loc,mood,-1.4066,6.707091,7.539281,5.361653,7.339235
tokemb_loc,mood,-1.2308,6.723035,7.542153,5.336535,7.385964
tokemb_loc,mood,-1.055,6.68199,7.498651,5.340926,7.350955
tokemb_loc,mood,-0.8791,6.729797,7.528968,5.35189,7.364246
tokemb_loc,mood,-0.7033,6.739682,7.54794,5.352091,7.375699
tokemb_loc,mood,-0.5275,6.74818,7.568202,5.359818,7.381288
tokemb_loc,mood,-0.3517,6.726654,7.5584,5.363645,7.375822
tokemb_loc,mood,-0.1758,6.722289,7.554432,5.37521,7.378555
tokemb_loc,mood,0.0,6.757402,7.591703,5.389435,7.397935
tokemb_loc,mood,0.1207,6.729936,7.55889,5.398541,7.377449
tokemb_loc,mood,0.2415,6.753817,7.580228,5.405573,7.401987
tokemb_loc,mood,0.3622,6.760186,7.582945,5.419955,7.408276
tokemb_loc,mood,0.483,6.753064,7.568868,5.429879,7.378455
tokemb_loc,mood,0.6037,6.76341,7.568436,5.452226,7.376467
tokemb_loc,mood,0.7244,6.74108,7.559485,5.458762,7.35774
tokemb_loc,mood,0.8452,6.715112,7.541114,5.444823,7.337428
tokemb_loc,mood,0.9659,6.708693,7.553665,5.437368,7.346888
tokemb_loc,mood,1.0867,6.62162,7.497076,5.404782,7.302366
tokemb_loc,mood,1.2074,6.602485,7.468776,5.404237,7.265794
tokemb_loc,mood,1.3281,6.628571,7.487843,5.430765,7.269722
tokemb_loc,mood,1.4489,6.572902,7.471745,5.424642,7.255457
tokemb_loc,mood,1.5696,6.57718,7.472231,5.434479,7.254166
tokemb_loc,mood,1.6904,6.501827,7.409541,5.430701,7.189761
tokemb_loc,mood,1.8111,6.47804,7.383002,5.457235,7.162336
freesliders_all,mood,-3.2634,6.344228,7.304007,4.88664,7.161338
freesliders_all,mood,-3.0458,6.405667,7.336504,4.915116,7.205264
freesliders_all,mood,-2.8283,6.414667,7.349621,4.94612,7.202007
freesliders_all,mood,-2.6107,6.431203,7.349882,4.982695,7.195328
freesliders_all,mood,-2.3932,6.468485,7.375038,5.019547,7.228492
freesliders_all,mood,-2.1756,6.465577,7.369221,5.029188,7.234349
freesliders_all,mood,-1.958,6.466683,7.391752,5.071031,7.223295
freesliders_all,mood,-1.7405,6.525544,7.401726,5.136155,7.235043
freesliders_all,mood,-1.5229,6.544092,7.418404,5.150669,7.25606
freesliders_all,mood,-1.3054,6.584667,7.434355,5.175183,7.269517
freesliders_all,mood,-1.0878,6.595058,7.462163,5.202105,7.270621
freesliders_all,mood,-0.8702,6.69373,7.530977,5.307752,7.330751
freesliders_all,mood,-0.6527,6.702162,7.5305,5.30859,7.351195
freesliders_all,mood,-0.4351,6.721227,7.557053,5.336597,7.378733
freesliders_all,mood,-0.2176,6.736213,7.559486,5.366152,7.370932
freesliders_all,mood,0.0,6.757402,7.591703,5.389435,7.397935
freesliders_all,mood,0.1247,6.758442,7.58153,5.388735,7.398423
freesliders_all,mood,0.2494,6.805128,7.603251,5.442059,7.41856
freesliders_all,mood,0.3741,6.834933,7.630075,5.45646,7.446774
freesliders_all,mood,0.4988,6.865241,7.662826,5.487425,7.476209
freesliders_all,mood,0.6235,6.872967,7.67118,5.502601,7.484041
freesliders_all,mood,0.7482,6.890369,7.672833,5.534229,7.489433
freesliders_all,mood,0.8729,6.907919,7.679012,5.551574,7.504468
freesliders_all,mood,0.9975,6.919004,7.706437,5.565958,7.530071
freesliders_all,mood,1.1222,6.955155,7.717849,5.594148,7.535564
freesliders_all,mood,1.2469,6.934602,7.722146,5.590638,7.543989
freesliders_all,mood,1.3716,6.948894,7.72101,5.638591,7.538541
freesliders_all,mood,1.4963,6.96234,7.715504,5.667976,7.535171
freesliders_all,mood,1.621,6.951442,7.706475,5.661726,7.519685
freesliders_all,mood,1.7457,6.988792,7.738937,5.688685,7.549698
freesliders_all,mood,1.8704,6.991074,7.741993,5.706297,7.534484
freesliders_loc,mood,-3.8976,6.385559,7.303196,4.968381,7.161226
freesliders_loc,mood,-3.6378,6.417201,7.322513,5.007533,7.179851
freesliders_loc,mood,-3.3779,6.405031,7.301879,5.021734,7.14827
freesliders_loc,mood,-3.1181,6.425313,7.307123,5.066555,7.145663
freesliders_loc,mood,-2.8582,6.463719,7.332552,5.097746,7.171873
freesliders_loc,mood,-2.5984,6.493775,7.356169,5.122704,7.202234
freesliders_loc,mood,-2.3386,6.508541,7.376158,5.144756,7.208678
freesliders_loc,mood,-2.0787,6.566907,7.411589,5.172659,7.237992
freesliders_loc,mood,-1.8189,6.578114,7.423928,5.195649,7.251399
freesliders_loc,mood,-1.559,6.572878,7.413336,5.220625,7.230485
freesliders_loc,mood,-1.2992,6.582967,7.42163,5.238673,7.244212
freesliders_loc,mood,-1.0394,6.673179,7.496901,5.321897,7.297799
freesliders_loc,mood,-0.7795,6.714516,7.536203,5.346756,7.350199
freesliders_loc,mood,-0.5197,6.725267,7.542978,5.356423,7.355502
freesliders_loc,mood,-0.2598,6.753753,7.574312,5.395656,7.38486
freesliders_loc,mood,0.0,6.757402,7.591703,5.389435,7.397935
freesliders_loc,mood,0.162,6.755692,7.576344,5.393971,7.383638
freesliders_loc,mood,0.324,6.811795,7.626665,5.445649,7.443209
freesliders_loc,mood,0.486,6.804116,7.621807,5.442633,7.442627
freesliders_loc,mood,0.648,6.85388,7.652354,5.485299,7.466769
freesliders_loc,mood,0.81,6.865341,7.660656,5.487892,7.492866
freesliders_loc,mood,0.972,6.873692,7.674541,5.51539,7.499395
freesliders_loc,mood,1.134,6.891953,7.678887,5.517732,7.509641
freesliders_loc,mood,1.2959,6.898114,7.699021,5.54129,7.524097
freesliders_loc,mood,1.4579,6.886517,7.688406,5.547969,7.520714
freesliders_loc,mood,1.6199,6.900057,7.700912,5.542501,7.544191
freesliders_loc,mood,1.7819,6.907901,7.692432,5.588692,7.534164
freesliders_loc,mood,1.9439,6.96522,7.744141,5.587035,7.58512
freesliders_loc,mood,2.1059,6.959218,7.732851,5.626583,7.561376
freesliders_loc,mood,2.2679,6.972855,7.743463,5.647132,7.577258
freesliders_loc,mood,2.4299,6.955807,7.748864,5.657288,7.570388
cs_all,mood,-0.5973,5.181653,6.948325,4.399004,6.910164
cs_all,mood,-0.5575,5.318227,6.987488,4.502504,6.94175
cs_all,mood,-0.5177,5.445318,7.034646,4.584688,6.965251
cs_all,mood,-0.4778,5.558558,7.080705,4.650006,6.996803
cs_all,mood,-0.438,5.669001,7.158511,4.763132,7.033268
cs_all,mood,-0.3982,5.791925,7.20515,4.838352,7.072029
cs_all,mood,-0.3584,5.864809,7.232476,4.90492,7.099837
cs_all,mood,-0.3186,6.028835,7.313187,5.00142,7.143091
cs_all,mood,-0.2787,6.124443,7.331027,5.049679,7.169395
cs_all,mood,-0.2389,6.236556,7.384112,5.131579,7.206044
cs_all,mood,-0.1991,6.309115,7.384198,5.147413,7.215515
cs_all,mood,-0.1593,6.382575,7.403293,5.202077,7.255869
cs_all,mood,-0.1195,6.524922,7.478,5.265299,7.302341
cs_all,mood,-0.0796,6.611783,7.507879,5.30491,7.335432
cs_all,mood,-0.0398,6.704247,7.554688,5.359532,7.377698
cs_all,mood,0.0,6.761388,7.589628,5.382251,7.404803
cs_all,mood,0.0257,6.794121,7.597574,5.407236,7.414361
cs_all,mood,0.0513,6.835038,7.606226,5.447444,7.423092
cs_all,mood,0.077,6.933806,7.676558,5.484296,7.477933
cs_all,mood,0.1026,6.979117,7.698181,5.503029,7.502656
cs_all,mood,0.1283,7.000883,7.703255,5.530343,7.521193
cs_all,mood,0.1539,7.047113,7.71622,5.546314,7.547518
cs_all,mood,0.1796,7.115116,7.75843,5.544375,7.564612
cs_all,mood,0.2052,7.122826,7.754203,5.548353,7.565046
cs_all,mood,0.2309,7.147581,7.765173,5.56499,7.592546
cs_all,mood,0.2565,7.173131,7.776209,5.583237,7.602841
cs_all,mood,0.2822,7.200102,7.781804,5.600893,7.626882
cs_all,mood,0.3078,7.243353,7.805835,5.604579,7.647961
cs_all,mood,0.3335,7.24931,7.811294,5.623773,7.655326
cs_all,mood,0.3591,7.279755,7.823994,5.631218,7.671453
cs_all,mood,0.3848,7.297652,7.833634,5.639924,7.696578
cs_loc,mood,-2.0356,5.690907,7.218685,4.64266,7.097861
cs_loc,mood,-1.8999,5.769844,7.214963,4.703615,7.095597
cs_loc,mood,-1.7642,5.854737,7.26397,4.761141,7.125374
cs_loc,mood,-1.6285,5.925892,7.269386,4.812866,7.134897
cs_loc,mood,-1.4928,6.046151,7.347543,4.897302,7.188764
cs_loc,mood,-1.3571,6.131279,7.379624,4.955928,7.218548
cs_loc,mood,-1.2214,6.197092,7.404504,5.00437,7.228126
cs_loc,mood,-1.0857,6.26858,7.438286,5.060863,7.254712
cs_loc,mood,-0.9499,6.3307,7.446796,5.105271,7.266393
cs_loc,mood,-0.8142,6.39245,7.44606,5.128855,7.288172
cs_loc,mood,-0.6785,6.432806,7.470866,5.184379,7.296853
cs_loc,mood,-0.5428,6.494555,7.486863,5.22102,7.316648
cs_loc,mood,-0.4071,6.547562,7.491823,5.260048,7.316554
cs_loc,mood,-0.2714,6.624161,7.523053,5.301381,7.350032
cs_loc,mood,-0.1357,6.700548,7.561482,5.343279,7.389346
cs_loc,mood,0.0,6.761388,7.589628,5.382251,7.404803
cs_loc,mood,0.0955,6.79769,7.604415,5.414943,7.406856
cs_loc,mood,0.1911,6.856709,7.625807,5.484067,7.434884
cs_loc,mood,0.2866,6.907437,7.660428,5.502422,7.478631
cs_loc,mood,0.3822,6.932704,7.658072,5.529326,7.472227
cs_loc,mood,0.4777,6.949125,7.662464,5.53922,7.47942
cs_loc,mood,0.5732,7.000636,7.701328,5.563147,7.496907
cs_loc,mood,0.6688,7.026962,7.705643,5.587461,7.520873
cs_loc,mood,0.7643,7.040191,7.704232,5.606201,7.514143
cs_loc,mood,0.8599,7.05039,7.692527,5.622133,7.510102
cs_loc,mood,0.9554,7.081875,7.713967,5.647914,7.530971
cs_loc,mood,1.0509,7.09266,7.716649,5.677066,7.54395
cs_loc,mood,1.1465,7.114591,7.724996,5.694995,7.556933
cs_loc,mood,1.242,7.122968,7.732364,5.708095,7.548728
cs_loc,mood,1.3376,7.160705,7.758557,5.718328,7.58078
cs_loc,mood,1.4331,7.151563,7.755745,5.727333,7.579714
austeer_all,mood,-19.273,5.445537,6.864233,5.006621,6.816398
austeer_all,mood,-17.9881,5.523094,6.912469,5.056373,6.85101
austeer_all,mood,-16.7033,5.606744,6.932018,5.078288,6.870607
austeer_all,mood,-15.4184,5.728734,7.015538,5.126282,6.925175
austeer_all,mood,-14.1335,5.811935,7.060021,5.152621,6.967621
austeer_all,mood,-12.8487,5.916492,7.103582,5.172328,7.001323
austeer_all,mood,-11.5638,6.026219,7.160419,5.215377,7.042278
austeer_all,mood,-10.2789,6.102141,7.198667,5.229379,7.076569
austeer_all,mood,-8.9941,6.19652,7.244772,5.26216,7.120406
austeer_all,mood,-7.7092,6.302911,7.301669,5.290414,7.168834
austeer_all,mood,-6.4243,6.389412,7.336222,5.318045,7.177697
austeer_all,mood,-5.1395,6.456858,7.384783,5.303756,7.223274
austeer_all,mood,-3.8546,6.540879,7.438082,5.321868,7.265061
austeer_all,mood,-2.5697,6.63429,7.47806,5.328666,7.313544
austeer_all,mood,-1.2849,6.677627,7.525515,5.334507,7.344896
austeer_all,mood,0.0,6.757402,7.591703,5.389435,7.397935
austeer_all,mood,0.8621,6.789275,7.620253,5.416808,7.42343
austeer_all,mood,1.7242,6.8465,7.663032,5.470116,7.468482
austeer_all,mood,2.5863,6.86726,7.681023,5.498466,7.47816
austeer_all,mood,3.4484,6.856701,7.663792,5.499386,7.460555
austeer_all,mood,4.3105,6.864649,7.681217,5.509476,7.473559
austeer_all,mood,5.1726,6.860067,7.66791,5.51813,7.446169
austeer_all,mood,6.0347,6.821822,7.651189,5.513428,7.425492
austeer_all,mood,6.8968,6.837123,7.645627,5.543317,7.418438
austeer_all,mood,7.7589,6.816756,7.64261,5.553759,7.382713
austeer_all,mood,8.621,6.810135,7.634616,5.557383,7.386216
austeer_all,mood,9.4831,6.810234,7.636315,5.57829,7.379053
austeer_all,mood,10.3452,6.798534,7.633305,5.576124,7.367492
austeer_all,mood,11.2073,6.776725,7.624741,5.583258,7.352813
austeer_all,mood,12.0694,6.779725,7.614974,5.603767,7.361173
austeer_all,mood,12.9315,6.748008,7.599298,5.605266,7.334911
austeer_loc,mood,-3.1758,5.566031,7.021657,4.825433,6.870609
austeer_loc,mood,-2.9641,5.59083,7.003336,4.82264,6.865739
austeer_loc,mood,-2.7524,5.627539,7.017107,4.827247,6.878243
austeer_loc,mood,-2.5406,5.716448,7.059374,4.87861,6.92521
austeer_loc,mood,-2.3289,5.817622,7.124377,4.945399,6.964894
austeer_loc,mood,-2.1172,5.920716,7.167212,4.987285,7.013575
austeer_loc,mood,-1.9055,6.016759,7.208755,5.009738,7.049547
austeer_loc,mood,-1.6938,6.055438,7.226146,5.053261,7.076763
austeer_loc,mood,-1.482,6.178929,7.291656,5.105893,7.132434
austeer_loc,mood,-1.2703,6.280636,7.346834,5.166648,7.176926
austeer_loc,mood,-1.0586,6.338394,7.399572,5.218535,7.20984
austeer_loc,mood,-0.8469,6.465683,7.437621,5.256609,7.249687
austeer_loc,mood,-0.6352,6.60559,7.491521,5.3077,7.300208
austeer_loc,mood,-0.4234,6.674567,7.522353,5.322218,7.335314
austeer_loc,mood,-0.2117,6.726472,7.553715,5.352455,7.365309
austeer_loc,mood,0.0,6.757402,7.591703,5.389435,7.397935
austeer_loc,mood,0.1463,6.784036,7.612036,5.411884,7.415524
austeer_loc,mood,0.2927,6.857505,7.640015,5.445313,7.454155
austeer_loc,mood,0.439,6.904043,7.662287,5.468001,7.481681
austeer_loc,mood,0.5853,6.916015,7.666127,5.479238,7.495755
austeer_loc,mood,0.7316,6.940967,7.686774,5.519393,7.52767
austeer_loc,mood,0.878,6.966303,7.708821,5.53125,7.542678
austeer_loc,mood,1.0243,6.993035,7.71553,5.546954,7.564223
austeer_loc,mood,1.1706,7.003697,7.706647,5.563441,7.554721
austeer_loc,mood,1.3169,6.996429,7.710888,5.56352,7.55682
austeer_loc,mood,1.4633,7.011138,7.705819,5.585337,7.554441
austeer_loc,mood,1.6096,7.022732,7.727095,5.607665,7.564669
austeer_loc,mood,1.7559,7.005776,7.723901,5.618885,7.559203
austeer_loc,mood,1.9022,7.019528,7.73337,5.636342,7.562343
austeer_loc,mood,2.0486,7.033183,7.742982,5.649884,7.571415
austeer_loc,mood,2.1949,7.029301,7.737706,5.660415,7.572919
caa_all,mood,-48.5299,5.589095,6.900982,4.80084,6.83937
caa_all,mood,-45.2946,5.650459,6.954366,4.853189,6.875594
caa_all,mood,-42.0592,5.712256,6.987676,4.872639,6.875905
caa_all,mood,-38.8239,5.756472,6.989704,4.89561,6.891429
caa_all,mood,-35.5886,5.812076,7.018537,4.911424,6.905226
caa_all,mood,-32.3533,5.930698,7.109932,4.985981,6.96878
caa_all,mood,-29.1179,6.009475,7.121242,5.031944,6.978025
caa_all,mood,-25.8826,6.127496,7.20188,5.070523,7.024453
caa_all,mood,-22.6473,6.160346,7.207317,5.099884,7.0425
caa_all,mood,-19.412,6.250163,7.248658,5.149341,7.072246
caa_all,mood,-16.1766,6.33884,7.304228,5.2097,7.105392
caa_all,mood,-12.9413,6.44399,7.362028,5.267922,7.176739
caa_all,mood,-9.706,6.552855,7.430979,5.300925,7.233427
caa_all,mood,-6.4707,6.620657,7.487087,5.31078,7.306716
caa_all,mood,-3.2353,6.685628,7.521051,5.363786,7.342198
caa_all,mood,0.0,6.757402,7.591703,5.389435,7.397935
caa_all,mood,1.9933,6.789005,7.603449,5.42015,7.420749
caa_all,mood,3.9866,6.880275,7.670327,5.474679,7.479159
caa_all,mood,5.9799,6.922696,7.690343,5.487427,7.499142
caa_all,mood,7.9733,6.968122,7.70989,5.487818,7.53514
caa_all,mood,9.9666,7.023433,7.744583,5.504706,7.587579
caa_all,mood,11.9599,7.064444,7.765174,5.518835,7.614249
caa_all,mood,13.9532,7.077941,7.774446,5.512735,7.627072
caa_all,mood,15.9465,7.107736,7.803859,5.513085,7.67085
caa_all,mood,17.9398,7.143855,7.825524,5.549838,7.687616
caa_all,mood,19.9331,7.154083,7.845179,5.556938,7.702365
caa_all,mood,21.9264,7.180603,7.850203,5.558198,7.715328
caa_all,mood,23.9198,7.185702,7.868549,5.548765,7.746561
caa_all,mood,25.9131,7.207718,7.889876,5.563979,7.769015
caa_all,mood,27.9064,7.236356,7.894973,5.588798,7.783879
caa_all,mood,29.8997,7.274958,7.922074,5.606218,7.822159
caa_loc,mood,-115.1507,5.607556,7.001822,4.750319,6.919294
caa_loc,mood,-107.474,5.680664,7.030692,4.807716,6.944791
caa_loc,mood,-99.7973,5.738402,7.04869,4.821213,6.968871
caa_loc,mood,-92.1206,5.828197,7.084336,4.871147,7.008895
caa_loc,mood,-84.4438,5.881616,7.103869,4.928966,7.022531
caa_loc,mood,-76.7671,5.983591,7.142236,4.952846,7.072869
caa_loc,mood,-69.0904,6.043905,7.186883,5.006974,7.086972
caa_loc,mood,-61.4137,6.150905,7.231495,5.076566,7.121773
caa_loc,mood,-53.737,6.234943,7.279716,5.119867,7.174059
caa_loc,mood,-46.0603,6.272943,7.301249,5.163266,7.176773
caa_loc,mood,-38.3836,6.343974,7.347583,5.21322,7.213375
caa_loc,mood,-30.7069,6.491135,7.427121,5.284658,7.259696
caa_loc,mood,-23.0301,6.608122,7.481912,5.332327,7.303007
caa_loc,mood,-15.3534,6.647095,7.506788,5.34771,7.33525
caa_loc,mood,-7.6767,6.675991,7.530029,5.345721,7.353439
caa_loc,mood,0.0,6.757402,7.591703,5.389435,7.397935
caa_loc,mood,4.5984,6.799428,7.614707,5.432287,7.412046
caa_loc,mood,9.1968,6.861981,7.650672,5.459832,7.451764
caa_loc,mood,13.7952,6.916513,7.669679,5.481217,7.480433
caa_loc,mood,18.3936,6.956846,7.694072,5.505236,7.502159
caa_loc,mood,22.992,7.009299,7.718923,5.521415,7.530809
caa_loc,mood,27.5904,7.03485,7.748941,5.535024,7.557081
caa_loc,mood,32.1888,7.055577,7.760257,5.536313,7.57239
caa_loc,mood,36.7871,7.074291,7.781077,5.576286,7.599296
caa_loc,mood,41.3855,7.115486,7.792349,5.615722,7.627716
caa_loc,mood,45.9839,7.136375,7.819944,5.627016,7.638438
caa_loc,mood,50.5823,7.17298,7.832276,5.648955,7.65697
caa_loc,mood,55.1807,7.158495,7.838449,5.646621,7.667626
caa_loc,mood,59.7791,7.196014,7.857186,5.673004,7.702059
caa_loc,mood,64.3775,7.197626,7.857259,5.683961,7.68759
caa_loc,mood,68.9759,7.235108,7.889345,5.689108,7.729596
sae,mood,-15.091,5.90703,7.080762,5.113764,6.846017
sae,mood,-14.0849,5.904537,7.064397,5.126766,6.839953
sae,mood,-13.0789,5.910063,7.075322,5.127079,6.843633
sae,mood,-12.0728,5.920248,7.07614,5.126032,6.847046
sae,mood,-11.0667,5.907428,7.055296,5.116054,6.85074
sae,mood,-10.0607,5.935739,7.08733,5.138784,6.877065
sae,mood,-9.0546,5.963933,7.119238,5.143855,6.902134
sae,mood,-8.0485,5.985612,7.114765,5.169607,6.898655
sae,mood,-7.0425,5.988959,7.146066,5.169427,6.925906
sae,mood,-6.0364,6.011467,7.152109,5.156298,6.943908
sae,mood,-5.0303,6.056139,7.178494,5.159797,6.975238
sae,mood,-4.0243,6.112429,7.212386,5.169467,7.007051
sae,mood,-3.0182,6.216624,7.25482,5.214816,7.055753
sae,mood,-2.0121,6.40491,7.375564,5.267594,7.174528
sae,mood,-1.0061,6.625894,7.484453,5.34664,7.301835
sae,mood,0.0,6.744613,7.56835,5.373714,7.378022
sae,mood,0.2584,6.80425,7.61986,5.441958,7.423343
sae,mood,0.5169,6.885426,7.671176,5.454146,7.468916
sae,mood,0.7753,6.927882,7.68441,5.470763,7.489624
sae,mood,1.0337,6.945175,7.686879,5.48728,7.492791
sae,mood,1.2921,6.933609,7.680547,5.480282,7.503122
sae,mood,1.5506,6.965895,7.698531,5.475816,7.530152
sae,mood,1.809,6.987406,7.708552,5.486317,7.53162
sae,mood,2.0674,6.991121,7.720252,5.487302,7.559827
sae,mood,2.3258,7.002726,7.730377,5.501346,7.56685
sae,mood,2.5843,7.041636,7.745085,5.535473,7.580702
sae,mood,2.8427,7.038499,7.756131,5.540692,7.594171
sae,mood,3.1011,7.04818,7.772506,5.546735,7.612579
sae,mood,3.3595,7.041673,7.761449,5.554043,7.611974
sae,mood,3.618,7.036613,7.769933,5.563853,7.621865
sae,mood,3.8764,7.040132,7.766487,5.568194,7.618548
pci_all,tempo,-30.0,6.516376,7.322172,4.987576,7.12138
pci_all,tempo,-28.0,6.572599,7.37884,5.147294,7.184618
pci_all,tempo,-26.0,6.619277,7.410665,5.213852,7.226293
pci_all,tempo,-24.0,6.59184,7.415571,5.271091,7.24414
pci_all,tempo,-22.0,6.647365,7.478006,5.32354,7.29546
pci_all,tempo,-20.0,6.70129,7.517523,5.355033,7.327718
pci_all,tempo,-18.0,6.706656,7.537411,5.350513,7.335499
pci_all,tempo,-16.0,6.722682,7.542873,5.363646,7.352541
pci_all,tempo,-14.0,6.73323,7.562736,5.3735,7.366404
pci_all,tempo,-12.0,6.736584,7.570627,5.38424,7.371741
pci_all,tempo,-10.0,6.767776,7.588974,5.394839,7.395637
pci_all,tempo,-8.0,6.748395,7.584787,5.381632,7.390092
pci_all,tempo,-6.0,6.758497,7.587848,5.385048,7.396572
pci_all,tempo,-4.0,6.75428,7.592629,5.379863,7.401887
pci_all,tempo,-2.0,6.760098,7.593358,5.383485,7.397291
pci_all,tempo,0.0,6.757402,7.591703,5.389435,7.397935
pci_all,tempo,2.0,6.75784,7.588549,5.383353,7.395204
pci_all,tempo,4.0,6.764079,7.600489,5.385178,7.406095
pci_all,tempo,6.0,6.758505,7.589507,5.395213,7.391577
pci_all,tempo,8.0,6.745768,7.586597,5.381545,7.391168
pci_all,tempo,10.0,6.745398,7.574409,5.386527,7.383234
pci_all,tempo,12.0,6.754112,7.586822,5.389306,7.403855
pci_all,tempo,14.0,6.746755,7.570199,5.390373,7.389051
pci_all,tempo,16.0,6.727169,7.574349,5.375876,7.392136
pci_all,tempo,18.0,6.724291,7.595055,5.402799,7.401452
pci_all,tempo,20.0,6.729406,7.593625,5.376767,7.419966
pci_all,tempo,22.0,6.727204,7.604145,5.377426,7.43282
pci_all,tempo,24.0,6.710159,7.60667,5.415719,7.421188
pci_all,tempo,26.0,6.641403,7.573105,5.406348,7.397257
pci_all,tempo,28.0,6.612823,7.569543,5.452877,7.38415
pci_all,tempo,30.0,6.379512,7.454149,5.493251,7.211945
pci_loc,tempo,-30.0,6.540558,7.334748,5.132986,7.133855
pci_loc,tempo,-28.0,6.658063,7.440054,5.251004,7.250503
pci_loc,tempo,-26.0,6.663512,7.458871,5.266937,7.265279
pci_loc,tempo,-24.0,6.658909,7.469469,5.318424,7.292149
pci_loc,tempo,-22.0,6.618489,7.457139,5.326953,7.268947
pci_loc,tempo,-20.0,6.66629,7.496656,5.341883,7.323399
pci_loc,tempo,-18.0,6.690298,7.525905,5.360044,7.357845
pci_loc,tempo,-16.0,6.688062,7.523216,5.360203,7.337987
pci_loc,tempo,-14.0,6.719729,7.543827,5.384612,7.364299
pci_loc,tempo,-12.0,6.745513,7.560738,5.394146,7.360748
pci_loc,tempo,-10.0,6.747352,7.560786,5.396637,7.368902
pci_loc,tempo,-8.0,6.732675,7.564164,5.40589,7.376558
pci_loc,tempo,-6.0,6.742129,7.559243,5.400261,7.375256
pci_loc,tempo,-4.0,6.746555,7.563533,5.398804,7.383106
pci_loc,tempo,-2.0,6.756297,7.565778,5.403221,7.376617
pci_loc,tempo,0.0,6.757402,7.591703,5.389435,7.397935
pci_loc,tempo,2.0,6.750884,7.557385,5.410316,7.373291
pci_loc,tempo,4.0,6.743283,7.552111,5.404398,7.371812
pci_loc,tempo,6.0,6.742221,7.560544,5.403864,7.376671
pci_loc,tempo,8.0,6.732929,7.547733,5.40299,7.369382
pci_loc,tempo,10.0,6.74668,7.560528,5.407422,7.373033
pci_loc,tempo,12.0,6.723359,7.553556,5.392772,7.372402
pci_loc,tempo,14.0,6.712605,7.560949,5.399302,7.382876
pci_loc,tempo,16.0,6.702081,7.55675,5.407002,7.379255
pci_loc,tempo,18.0,6.692477,7.573667,5.40474,7.381806
pci_loc,tempo,20.0,6.706194,7.589771,5.385754,7.412073
pci_loc,tempo,22.0,6.683798,7.567336,5.372025,7.40538
pci_loc,tempo,24.0,6.680275,7.561982,5.392333,7.396258
pci_loc,tempo,26.0,6.666974,7.555219,5.404899,7.404515
pci_loc,tempo,28.0,6.593015,7.551873,5.456708,7.332665
pci_loc,tempo,30.0,6.310336,7.343762,5.471068,7.139291
textemb_all,tempo,-0.3432,5.870404,6.882869,4.973692,6.809052
textemb_all,tempo,-0.3203,5.941676,6.929822,5.052222,6.86778
textemb_all,tempo,-0.2974,5.965278,6.94648,5.055395,6.892212
textemb_all,tempo,-0.2746,6.053702,7.000917,5.115137,6.956198
textemb_all,tempo,-0.2517,6.10887,7.05344,5.165651,7.006132
textemb_all,tempo,-0.2288,6.175671,7.082791,5.210277,7.042753
textemb_all,tempo,-0.2059,6.271487,7.146125,5.245356,7.078775
textemb_all,tempo,-0.183,6.361562,7.232464,5.25604,7.145154
textemb_all,tempo,-0.1602,6.395586,7.274365,5.276965,7.151412
textemb_all,tempo,-0.1373,6.528157,7.386048,5.352824,7.220328
textemb_all,tempo,-0.1144,6.654185,7.497735,5.388094,7.317826
textemb_all,tempo,-0.0915,6.743835,7.548729,5.435242,7.354846
textemb_all,tempo,-0.0686,6.808026,7.606698,5.416172,7.402104
textemb_all,tempo,-0.0458,6.780314,7.578435,5.379622,7.395917
textemb_all,tempo,-0.0229,6.749895,7.554508,5.371691,7.377263
textemb_all,tempo,0.0,6.757402,7.591703,5.389435,7.397935
textemb_all,tempo,0.0229,6.772392,7.602484,5.374991,7.410194
textemb_all,tempo,0.0458,6.831442,7.645509,5.398916,7.445241
textemb_all,tempo,0.0688,6.867146,7.664366,5.416676,7.454784
textemb_all,tempo,0.0917,6.921997,7.698273,5.45718,7.468807
textemb_all,tempo,0.1146,6.823694,7.62144,5.422358,7.395268
textemb_all,tempo,0.1375,6.710331,7.536917,5.44521,7.311165
textemb_all,tempo,0.1604,6.657238,7.467204,5.435482,7.25876
textemb_all,tempo,0.1834,6.482043,7.32937,5.420898,7.141338
textemb_all,tempo,0.2063,6.32591,7.241312,5.319983,7.072951
textemb_all,tempo,0.2292,6.121072,7.157716,5.210701,6.997285
textemb_all,tempo,0.2521,6.060819,7.128182,5.158892,6.962761
textemb_all,tempo,0.275,5.917603,7.027042,5.078645,6.908281
textemb_all,tempo,0.298,5.831203,6.944311,5.027353,6.86318
textemb_all,tempo,0.3209,5.778066,6.929587,5.021231,6.85023
textemb_all,tempo,0.3438,5.710826,6.887144,4.95514,6.805697
textemb_loc,tempo,-0.5721,6.627366,7.34287,5.539931,7.247682
textemb_loc,tempo,-0.534,6.631416,7.341579,5.560282,7.268893
textemb_loc,tempo,-0.4958,6.695706,7.399167,5.571552,7.34141
textemb_loc,tempo,-0.4577,6.650479,7.395271,5.572181,7.315591
textemb_loc,tempo,-0.4195,6.696953,7.415474,5.561663,7.349186
textemb_loc,tempo,-0.3814,6.688837,7.423046,5.538356,7.340563
textemb_loc,tempo,-0.3433,6.69667,7.449836,5.516873,7.350262
textemb_loc,tempo,-0.3051,6.698276,7.43887,5.509055,7.326037
textemb_loc,tempo,-0.267,6.710715,7.447499,5.480529,7.347199
textemb_loc,tempo,-0.2288,6.698087,7.467972,5.447245,7.354308
textemb_loc,tempo,-0.1907,6.692082,7.49503,5.389718,7.363362
textemb_loc,tempo,-0.1526,6.777094,7.552469,5.421252,7.38699
textemb_loc,tempo,-0.1144,6.807182,7.581057,5.410917,7.396308
textemb_loc,tempo,-0.0763,6.804563,7.61057,5.4385,7.428352
textemb_loc,tempo,-0.0381,6.766413,7.56503,5.408076,7.375812
textemb_loc,tempo,0.0,6.757402,7.591703,5.389435,7.397935
textemb_loc,tempo,0.037,6.790275,7.613554,5.431948,7.413
textemb_loc,tempo,0.074,6.819208,7.623129,5.410566,7.417977
textemb_loc,tempo,0.1109,6.87254,7.677585,5.438506,7.459187
textemb_loc,tempo,0.1479,6.882018,7.686508,5.430162,7.49496
textemb_loc,tempo,0.1849,6.834226,7.657865,5.4508,7.455232
textemb_loc,tempo,0.2219,6.708601,7.600168,5.387054,7.400701
textemb_loc,tempo,0.2589,6.750553,7.585046,5.441023,7.420874
textemb_loc,tempo,0.2958,6.655045,7.522747,5.467395,7.370964
textemb_loc,tempo,0.3328,6.693095,7.513304,5.521726,7.380605
textemb_loc,tempo,0.3698,6.715707,7.557631,5.5588,7.424169
textemb_loc,tempo,0.4068,6.650113,7.487311,5.574001,7.387509
textemb_loc,tempo,0.4438,6.646282,7.47954,5.617643,7.370379
textemb_loc,tempo,0.4807,6.581825,7.442509,5.600636,7.349694
textemb_loc,tempo,0.5177,6.528435,7.383745,5.615042,7.29007
textemb_loc,tempo,0.5547,6.494678,7.363934,5.620943,7.293017
tokemb_all,tempo,-8.3924,6.079166,7.09564,5.041461,7.013073
tokemb_all,tempo,-7.8329,6.113435,7.135694,5.067657,7.03814
tokemb_all,tempo,-7.2734,6.158942,7.154081,5.099505,7.062654
tokemb_all,tempo,-6.7139,6.266692,7.211296,5.178236,7.080822
tokemb_all,tempo,-6.1544,6.328711,7.270126,5.193373,7.136897
tokemb_all,tempo,-5.5949,6.426415,7.35493,5.248909,7.227492
tokemb_all,tempo,-5.0354,6.476497,7.405283,5.278985,7.262305
tokemb_all,tempo,-4.4759,6.503334,7.423195,5.296768,7.273468
tokemb_all,tempo,-3.9165,6.603147,7.475608,5.322381,7.319822
tokemb_all,tempo,-3.357,6.669767,7.53297,5.365669,7.357251
tokemb_all,tempo,-2.7975,6.662843,7.522223,5.380922,7.338651
tokemb_all,tempo,-2.238,6.667612,7.526861,5.376963,7.350945
tokemb_all,tempo,-1.6785,6.688963,7.557591,5.383378,7.367582
tokemb_all,tempo,-1.119,6.70645,7.55026,5.392319,7.381266
tokemb_all,tempo,-0.5595,6.722502,7.568972,5.395073,7.393404
tokemb_all,tempo,0.0,6.757402,7.591703,5.389435,7.397935
tokemb_all,tempo,0.2282,6.772767,7.58346,5.398143,7.391164
tokemb_all,tempo,0.4565,6.821218,7.616071,5.421616,7.41602
tokemb_all,tempo,0.6847,6.825343,7.62464,5.44579,7.433194
tokemb_all,tempo,0.9129,6.857905,7.637585,5.477533,7.436364
tokemb_all,tempo,1.1412,6.846842,7.629447,5.487251,7.431014
tokemb_all,tempo,1.3694,6.816271,7.581333,5.523451,7.376021
tokemb_all,tempo,1.5976,6.821523,7.559322,5.535043,7.335307
tokemb_all,tempo,1.8259,6.812539,7.524023,5.552437,7.322919
tokemb_all,tempo,2.0541,6.801097,7.506399,5.563239,7.310134
tokemb_all,tempo,2.2823,6.819498,7.49582,5.560781,7.319113
tokemb_all,tempo,2.5106,6.797779,7.473613,5.545757,7.314381
tokemb_all,tempo,2.7388,6.76039,7.459863,5.519231,7.319608
tokemb_all,tempo,2.967,6.757628,7.458717,5.502549,7.310168
tokemb_all,tempo,3.1953,6.747176,7.453127,5.499993,7.310944
tokemb_all,tempo,3.4235,6.767481,7.473176,5.501426,7.315495
tokemb_loc,tempo,-9.0787,6.352168,7.338652,5.233228,7.199542
tokemb_loc,tempo,-8.4735,6.376595,7.354725,5.242418,7.213245
tokemb_loc,tempo,-7.8682,6.416505,7.369417,5.265104,7.229884
tokemb_loc,tempo,-7.263,6.395183,7.331534,5.270422,7.190853
tokemb_loc,tempo,-6.6577,6.450507,7.37355,5.311149,7.227027
tokemb_loc,tempo,-6.0525,6.512154,7.411229,5.316171,7.274957
tokemb_loc,tempo,-5.4472,6.535952,7.413072,5.311593,7.27461
tokemb_loc,tempo,-4.842,6.583508,7.476732,5.345211,7.307891
tokemb_loc,tempo,-4.2367,6.67045,7.491398,5.380501,7.334831
tokemb_loc,tempo,-3.6315,6.650812,7.48186,5.376179,7.319449
tokemb_loc,tempo,-3.0262,6.685853,7.516015,5.38542,7.341148
tokemb_loc,tempo,-2.421,6.711019,7.566044,5.427976,7.369553
tokemb_loc,tempo,-1.8157,6.744366,7.57795,5.441215,7.378212
tokemb_loc,tempo,-1.2105,6.736001,7.568419,5.432446,7.371804
tokemb_loc,tempo,-0.6052,6.738691,7.569686,5.417539,7.386504
tokemb_loc,tempo,0.0,6.757402,7.591703,5.389435,7.397935
tokemb_loc,tempo,0.2378,6.762686,7.564578,5.397176,7.380069
tokemb_loc,tempo,0.4757,6.751137,7.547521,5.423096,7.36762
tokemb_loc,tempo,0.7135,6.791956,7.581866,5.431723,7.391908
tokemb_loc,tempo,0.9513,6.776941,7.57016,5.414883,7.364285
tokemb_loc,tempo,1.1892,6.787608,7.59228,5.433218,7.363003
tokemb_loc,tempo,1.427,6.794431,7.599889,5.440736,7.372205
tokemb_loc,tempo,1.6648,6.827967,7.609176,5.467319,7.389022
tokemb_loc,tempo,1.9027,6.889654,7.636322,5.559704,7.435677
tokemb_loc,tempo,2.1405,6.891824,7.63448,5.600765,7.406506
tokemb_loc,tempo,2.3783,6.929091,7.654434,5.631643,7.434644
tokemb_loc,tempo,2.6162,7.005377,7.686098,5.656046,7.475125
tokemb_loc,tempo,2.854,6.994718,7.67581,5.664094,7.457869
tokemb_loc,tempo,3.0918,7.0144,7.67624,5.677216,7.460204
tokemb_loc,tempo,3.3297,7.004007,7.671779,5.702904,7.444165
tokemb_loc,tempo,3.5675,6.993139,7.651712,5.720363,7.40075
freesliders_all,tempo,-1.4851,6.544272,7.328418,4.897646,7.129925
freesliders_all,tempo,-1.3861,6.537853,7.322636,4.920399,7.124474
freesliders_all,tempo,-1.2871,6.545037,7.340082,4.951476,7.149181
freesliders_all,tempo,-1.1881,6.56376,7.372553,4.982977,7.185395
freesliders_all,tempo,-1.0891,6.614513,7.393547,5.027788,7.191352
freesliders_all,tempo,-0.9901,6.581717,7.367814,5.049305,7.184314
freesliders_all,tempo,-0.8911,6.639578,7.400368,5.113571,7.216507
freesliders_all,tempo,-0.7921,6.721524,7.483784,5.174885,7.285037
freesliders_all,tempo,-0.693,6.739118,7.517078,5.21422,7.319377
freesliders_all,tempo,-0.594,6.745678,7.519481,5.223035,7.330687
freesliders_all,tempo,-0.495,6.717591,7.528611,5.272859,7.325154
freesliders_all,tempo,-0.396,6.721072,7.533367,5.28689,7.346522
freesliders_all,tempo,-0.297,6.727879,7.532051,5.288425,7.349385
freesliders_all,tempo,-0.198,6.7709,7.57837,5.359052,7.403693
freesliders_all,tempo,-0.099,6.746071,7.574295,5.377296,7.390794
freesliders_all,tempo,0.0,6.757402,7.591703,5.389435,7.397935
freesliders_all,tempo,0.0971,6.767696,7.582674,5.396249,7.392514
freesliders_all,tempo,0.1943,6.766694,7.595589,5.432056,7.408125
freesliders_all,tempo,0.2914,6.748594,7.595746,5.481891,7.399775
freesliders_all,tempo,0.3886,6.75853,7.609073,5.526806,7.430878
freesliders_all,tempo,0.4857,6.786719,7.627991,5.592732,7.441885
freesliders_all,tempo,0.5828,6.764837,7.618913,5.608529,7.436924
freesliders_all,tempo,0.68,6.761892,7.624712,5.624448,7.422953
freesliders_all,tempo,0.7771,6.735956,7.602986,5.625204,7.405523
freesliders_all,tempo,0.8743,6.704421,7.588446,5.64662,7.382263
freesliders_all,tempo,0.9714,6.678659,7.583499,5.649701,7.381853
freesliders_all,tempo,1.0685,6.708803,7.599879,5.678835,7.390124
freesliders_all,tempo,1.1657,6.659618,7.579303,5.693426,7.359478
freesliders_all,tempo,1.2628,6.644694,7.573811,5.703279,7.364539
freesliders_all,tempo,1.36,6.653283,7.584615,5.738645,7.364105
freesliders_all,tempo,1.4571,6.629829,7.579442,5.750386,7.342972
freesliders_loc,tempo,-2.1067,6.624226,7.360565,4.988664,7.146822
freesliders_loc,tempo,-1.9663,6.650858,7.371392,5.01638,7.168408
freesliders_loc,tempo,-1.8258,6.693292,7.409436,5.049495,7.181069
freesliders_loc,tempo,-1.6854,6.697615,7.424348,5.061432,7.207186
freesliders_loc,tempo,-1.5449,6.687467,7.430955,5.093836,7.22089
freesliders_loc,tempo,-1.4045,6.712515,7.4435,5.117539,7.237125
freesliders_loc,tempo,-1.264,6.736419,7.475739,5.181449,7.266183
freesliders_loc,tempo,-1.1236,6.792008,7.542687,5.234556,7.331623
freesliders_loc,tempo,-0.9831,6.781215,7.542441,5.252252,7.337353
freesliders_loc,tempo,-0.8427,6.795627,7.551223,5.283458,7.352126
freesliders_loc,tempo,-0.7022,6.758653,7.525548,5.291361,7.322333
freesliders_loc,tempo,-0.5618,6.750961,7.538507,5.284396,7.340497
freesliders_loc,tempo,-0.4213,6.739706,7.540051,5.299414,7.363371
freesliders_loc,tempo,-0.2809,6.757545,7.553525,5.339057,7.389755
freesliders_loc,tempo,-0.1404,6.758682,7.582631,5.365259,7.408614
freesliders_loc,tempo,0.0,6.757402,7.591703,5.389435,7.397935
freesliders_loc,tempo,0.1273,6.747408,7.568066,5.384469,7.390944
freesliders_loc,tempo,0.2547,6.732272,7.584294,5.405089,7.395953
freesliders_loc,tempo,0.382,6.748068,7.615472,5.476515,7.410064
freesliders_loc,tempo,0.5094,6.744354,7.620607,5.521408,7.425262
freesliders_loc,tempo,0.6367,6.728166,7.60714,5.55189,7.408131
freesliders_loc,tempo,0.7641,6.703357,7.604692,5.581422,7.393029
freesliders_loc,tempo,0.8914,6.703654,7.602273,5.596295,7.388701
freesliders_loc,tempo,1.0188,6.686486,7.58368,5.611701,7.377464
freesliders_loc,tempo,1.1461,6.64358,7.555984,5.621389,7.356763
freesliders_loc,tempo,1.2735,6.657767,7.569513,5.639491,7.362014
freesliders_loc,tempo,1.4008,6.613755,7.553873,5.656861,7.338382
freesliders_loc,tempo,1.5282,6.637706,7.569154,5.66052,7.362249
freesliders_loc,tempo,1.6555,6.562382,7.536361,5.673356,7.314642
freesliders_loc,tempo,1.7829,6.577806,7.541394,5.724209,7.317773
freesliders_loc,tempo,1.9102,6.542653,7.529618,5.731418,7.302221
cs_all,tempo,-0.2294,6.081055,7.331772,4.73489,7.189303
cs_all,tempo,-0.2141,6.220074,7.411609,4.824142,7.244169
cs_all,tempo,-0.1988,6.274185,7.442255,4.888075,7.26975
cs_all,tempo,-0.1835,6.304898,7.437434,4.937612,7.2639
cs_all,tempo,-0.1682,6.329814,7.448543,4.983895,7.268764
cs_all,tempo,-0.1529,6.398593,7.487048,5.038534,7.2921
cs_all,tempo,-0.1376,6.437044,7.467508,5.081134,7.287181
cs_all,tempo,-0.1223,6.477909,7.493532,5.108848,7.290811
cs_all,tempo,-0.1071,6.531579,7.501756,5.161532,7.313201
cs_all,tempo,-0.0918,6.520258,7.486526,5.20699,7.303453
cs_all,tempo,-0.0765,6.569544,7.505572,5.223267,7.310856
cs_all,tempo,-0.0612,6.632737,7.532509,5.308149,7.348969
cs_all,tempo,-0.0459,6.684557,7.547039,5.341365,7.373228
cs_all,tempo,-0.0306,6.732747,7.580927,5.374834,7.391592
cs_all,tempo,-0.0153,6.733542,7.565333,5.371892,7.379532
cs_all,tempo,0.0,6.761388,7.589628,5.382251,7.404803
cs_all,tempo,0.0175,6.776121,7.586994,5.408977,7.388699
cs_all,tempo,0.0351,6.781329,7.590055,5.434421,7.40098
cs_all,tempo,0.0526,6.840465,7.617709,5.500329,7.435234
cs_all,tempo,0.0701,6.868758,7.628846,5.523282,7.431288
cs_all,tempo,0.0876,6.921911,7.656036,5.568946,7.465041
cs_all,tempo,0.1052,6.920056,7.643416,5.603498,7.458353
cs_all,tempo,0.1227,6.925907,7.64579,5.655273,7.46
cs_all,tempo,0.1402,6.919691,7.627125,5.654306,7.438813
cs_all,tempo,0.1577,6.913687,7.614721,5.663339,7.416351
cs_all,tempo,0.1753,6.920956,7.623242,5.655144,7.438517
cs_all,tempo,0.1928,6.960259,7.640925,5.69687,7.441694
cs_all,tempo,0.2103,6.92932,7.584433,5.686091,7.415716
cs_all,tempo,0.2278,6.893412,7.592242,5.688665,7.392496
cs_all,tempo,0.2454,6.86182,7.561986,5.699982,7.357653
cs_all,tempo,0.2629,6.860155,7.567973,5.727255,7.358316
cs_loc,tempo,-0.5622,6.537685,7.531093,4.853555,7.356459
cs_loc,tempo,-0.5247,6.578185,7.573385,4.900843,7.394682
cs_loc,tempo,-0.4872,6.604699,7.579328,4.9424,7.397167
cs_loc,tempo,-0.4498,6.641114,7.605773,5.020792,7.421942
cs_loc,tempo,-0.4123,6.648728,7.590543,5.065743,7.41433
cs_loc,tempo,-0.3748,6.666442,7.589811,5.115285,7.405846
cs_loc,tempo,-0.3373,6.71109,7.599481,5.161081,7.412762
cs_loc,tempo,-0.2998,6.725637,7.590606,5.204533,7.405348
cs_loc,tempo,-0.2624,6.728202,7.588377,5.234775,7.41069
cs_loc,tempo,-0.2249,6.740564,7.616993,5.255031,7.432395
cs_loc,tempo,-0.1874,6.727201,7.585806,5.297606,7.393697
cs_loc,tempo,-0.1499,6.730606,7.588751,5.31113,7.396693
cs_loc,tempo,-0.1124,6.768729,7.608436,5.354829,7.406882
cs_loc,tempo,-0.075,6.747677,7.587658,5.365918,7.400345
cs_loc,tempo,-0.0375,6.75302,7.576111,5.364208,7.399155
cs_loc,tempo,0.0,6.761388,7.589628,5.382251,7.404803
cs_loc,tempo,0.0383,6.757689,7.571989,5.411856,7.388924
cs_loc,tempo,0.0765,6.748219,7.559784,5.429014,7.363643
cs_loc,tempo,0.1148,6.758322,7.582158,5.456862,7.386094
cs_loc,tempo,0.153,6.753227,7.563447,5.489173,7.369852
cs_loc,tempo,0.1913,6.738504,7.557932,5.523375,7.354725
cs_loc,tempo,0.2296,6.714724,7.522383,5.520357,7.329079
cs_loc,tempo,0.2678,6.720087,7.528871,5.559988,7.323069
cs_loc,tempo,0.3061,6.707542,7.513234,5.566045,7.306352
cs_loc,tempo,0.3443,6.679337,7.518153,5.591456,7.298222
cs_loc,tempo,0.3826,6.627664,7.485989,5.56789,7.27838
cs_loc,tempo,0.4209,6.559431,7.40285,5.546393,7.229365
cs_loc,tempo,0.4591,6.565549,7.415679,5.570626,7.225299
cs_loc,tempo,0.4974,6.542505,7.390393,5.573379,7.197421
cs_loc,tempo,0.5356,6.513978,7.369749,5.601329,7.170544
cs_loc,tempo,0.5739,6.493676,7.363517,5.624711,7.165108
austeer_all,tempo,-2.1265,6.481196,7.396761,5.062501,7.168837
austeer_all,tempo,-1.9847,6.530507,7.442621,5.104985,7.218835
austeer_all,tempo,-1.843,6.551762,7.458378,5.087645,7.236502
austeer_all,tempo,-1.7012,6.6166,7.49675,5.129638,7.27699
austeer_all,tempo,-1.5594,6.643663,7.496655,5.15444,7.291914
austeer_all,tempo,-1.4177,6.680725,7.528257,5.171174,7.322924
austeer_all,tempo,-1.2759,6.703257,7.542566,5.196272,7.3495
austeer_all,tempo,-1.1341,6.680757,7.510251,5.203,7.334584
austeer_all,tempo,-0.9924,6.676053,7.529401,5.228695,7.341824
austeer_all,tempo,-0.8506,6.643392,7.502852,5.234003,7.330804
austeer_all,tempo,-0.7088,6.697496,7.546567,5.263687,7.37392
austeer_all,tempo,-0.5671,6.72848,7.539575,5.308683,7.356484
austeer_all,tempo,-0.4253,6.719028,7.550899,5.331851,7.38118
austeer_all,tempo,-0.2835,6.747442,7.556156,5.34634,7.386673
austeer_all,tempo,-0.1418,6.739317,7.553192,5.357177,7.374042
austeer_all,tempo,0.0,6.757402,7.591703,5.389435,7.397935
austeer_all,tempo,0.171,6.789872,7.604019,5.415825,7.42745
austeer_all,tempo,0.342,6.781159,7.595867,5.493612,7.397237
austeer_all,tempo,0.513,6.827987,7.630205,5.540151,7.433769
austeer_all,tempo,0.6841,6.808098,7.627331,5.575754,7.432543
austeer_all,tempo,0.8551,6.832289,7.622955,5.63307,7.419729
austeer_all,tempo,1.0261,6.770126,7.58834,5.630143,7.390824
austeer_all,tempo,1.1971,6.754851,7.594433,5.664855,7.368033
austeer_all,tempo,1.3681,6.726529,7.590932,5.682328,7.357519
austeer_all,tempo,1.5391,6.705946,7.572687,5.702057,7.330387
austeer_all,tempo,1.7101,6.673616,7.557424,5.712452,7.314887
austeer_all,tempo,1.8811,6.611055,7.509958,5.695633,7.259739
austeer_all,tempo,2.0522,6.587097,7.502264,5.705912,7.257417
austeer_all,tempo,2.2232,6.579014,7.508812,5.737336,7.248592
austeer_all,tempo,2.3942,6.558334,7.486942,5.765342,7.209032
austeer_all,tempo,2.5652,6.521186,7.479531,5.76978,7.184052
austeer_loc,tempo,-1.7408,6.626386,7.464584,5.075093,7.238498
austeer_loc,tempo,-1.6247,6.633071,7.464564,5.103006,7.232452
austeer_loc,tempo,-1.5087,6.695484,7.494694,5.142312,7.280942
austeer_loc,tempo,-1.3926,6.659477,7.491616,5.125019,7.272252
austeer_loc,tempo,-1.2766,6.715813,7.506274,5.159406,7.300964
austeer_loc,tempo,-1.1605,6.719404,7.535617,5.165447,7.325733
austeer_loc,tempo,-1.0445,6.739125,7.550484,5.183026,7.343796
austeer_loc,tempo,-0.9284,6.728585,7.532631,5.229827,7.342569
austeer_loc,tempo,-0.8124,6.741467,7.535907,5.254997,7.352258
austeer_loc,tempo,-0.6963,6.74503,7.541716,5.269779,7.361633
austeer_loc,tempo,-0.5803,6.724061,7.548107,5.285612,7.36047
austeer_loc,tempo,-0.4642,6.742577,7.555117,5.332086,7.375156
austeer_loc,tempo,-0.3482,6.813535,7.592763,5.3619,7.428294
austeer_loc,tempo,-0.2321,6.789225,7.575348,5.363716,7.402516
austeer_loc,tempo,-0.1161,6.76717,7.574667,5.360752,7.405746
austeer_loc,tempo,0.0,6.757402,7.591703,5.389435,7.397935
austeer_loc,tempo,0.1241,6.739167,7.557613,5.399623,7.374571
austeer_loc,tempo,0.2482,6.745103,7.572116,5.433302,7.396525
austeer_loc,tempo,0.3723,6.737475,7.578173,5.471298,7.401092
austeer_loc,tempo,0.4963,6.792926,7.60726,5.553181,7.413472
austeer_loc,tempo,0.6204,6.739383,7.59071,5.560124,7.387266
austeer_loc,tempo,0.7445,6.722239,7.579024,5.579616,7.375597
austeer_loc,tempo,0.8686,6.718134,7.586132,5.609751,7.371821
austeer_loc,tempo,0.9927,6.687978,7.565422,5.636,7.341758
austeer_loc,tempo,1.1168,6.671545,7.566342,5.661737,7.345931
austeer_loc,tempo,1.2409,6.655941,7.55048,5.683396,7.324217
austeer_loc,tempo,1.365,6.650435,7.56668,5.705412,7.326384
austeer_loc,tempo,1.489,6.602167,7.533693,5.724629,7.284577
austeer_loc,tempo,1.6131,6.546606,7.487785,5.7211,7.235285
austeer_loc,tempo,1.7372,6.546351,7.493508,5.740605,7.220642
austeer_loc,tempo,1.8613,6.504496,7.48649,5.75576,7.206919
caa_all,tempo,-30.2103,6.258379,7.187249,4.888458,7.064228
caa_all,tempo,-28.1963,6.340224,7.227531,4.961857,7.07244
caa_all,tempo,-26.1823,6.397293,7.278379,4.990313,7.123226
caa_all,tempo,-24.1682,6.462898,7.320589,5.038301,7.149073
caa_all,tempo,-22.1542,6.444661,7.321032,5.070894,7.145385
caa_all,tempo,-20.1402,6.503659,7.352426,5.108248,7.181541
caa_all,tempo,-18.1262,6.535687,7.356947,5.118182,7.191709
caa_all,tempo,-16.1122,6.5472,7.393512,5.159301,7.221983
caa_all,tempo,-14.0981,6.543339,7.373399,5.161738,7.196568
caa_all,tempo,-12.0841,6.557166,7.402069,5.197471,7.234453
caa_all,tempo,-10.0701,6.626645,7.451889,5.240414,7.291403
caa_all,tempo,-8.0561,6.634859,7.476518,5.252603,7.310328
caa_all,tempo,-6.0421,6.666574,7.490389,5.282914,7.332609
caa_all,tempo,-4.028,6.704211,7.522717,5.337698,7.357951
caa_all,tempo,-2.014,6.738257,7.554148,5.368992,7.379169
caa_all,tempo,0.0,6.757402,7.591703,5.389435,7.397935
caa_all,tempo,2.5018,6.821579,7.636192,5.470492,7.440396
caa_all,tempo,5.0037,6.864916,7.685293,5.507616,7.479957
caa_all,tempo,7.5055,6.908985,7.701777,5.574424,7.513838
caa_all,tempo,10.0073,6.94279,7.729446,5.585234,7.543333
caa_all,tempo,12.5092,6.949502,7.738934,5.617957,7.560708
caa_all,tempo,15.011,6.955168,7.743304,5.641303,7.55454
caa_all,tempo,17.5128,6.947873,7.749566,5.652577,7.563212
caa_all,tempo,20.0147,6.976638,7.761056,5.664728,7.574915
caa_all,tempo,22.5165,6.967543,7.756137,5.677689,7.568732
caa_all,tempo,25.0183,6.971778,7.75675,5.714776,7.568856
caa_all,tempo,27.5202,6.989225,7.780309,5.740373,7.581281
caa_all,tempo,30.022,7.008492,7.789661,5.761332,7.595424
caa_all,tempo,32.5238,7.010008,7.789349,5.764207,7.596987
caa_all,tempo,35.0257,7.00875,7.796389,5.772881,7.607376
caa_all,tempo,37.5275,6.985589,7.776057,5.786613,7.582912
caa_loc,tempo,-61.9471,6.71497,7.408307,5.092153,7.212875
caa_loc,tempo,-57.8173,6.755443,7.444472,5.154763,7.227354
caa_loc,tempo,-53.6875,6.782512,7.468908,5.178612,7.274779
caa_loc,tempo,-49.5577,6.832205,7.51843,5.197169,7.311081
caa_loc,tempo,-45.4279,6.836108,7.530759,5.226086,7.296393
caa_loc,tempo,-41.2981,6.780115,7.509462,5.219911,7.287962
caa_loc,tempo,-37.1683,6.808076,7.529214,5.237103,7.316321
caa_loc,tempo,-33.0385,6.803625,7.543557,5.24143,7.329848
caa_loc,tempo,-28.9086,6.806628,7.544298,5.268641,7.3517
caa_loc,tempo,-24.7788,6.79936,7.553923,5.291895,7.360968
caa_loc,tempo,-20.649,6.772245,7.541731,5.298272,7.355155
caa_loc,tempo,-16.5192,6.781662,7.54968,5.339891,7.360192
caa_loc,tempo,-12.3894,6.791293,7.559221,5.357193,7.374379
caa_loc,tempo,-8.2596,6.766823,7.589142,5.373049,7.391863
caa_loc,tempo,-4.1298,6.757309,7.565805,5.36116,7.393003
caa_loc,tempo,0.0,6.757402,7.591703,5.389435,7.397935
caa_loc,tempo,4.4462,6.777499,7.596404,5.442242,7.411734
caa_loc,tempo,8.8924,6.738734,7.585168,5.446849,7.403308
caa_loc,tempo,13.3385,6.769355,7.620491,5.48751,7.425254
caa_loc,tempo,17.7847,6.775808,7.62117,5.532951,7.448368
caa_loc,tempo,22.2309,6.785898,7.613749,5.60087,7.42013
caa_loc,tempo,26.6771,6.795544,7.640164,5.622118,7.4449
caa_loc,tempo,31.1233,6.777404,7.640369,5.627778,7.44781
caa_loc,tempo,35.5694,6.756859,7.62906,5.63026,7.429084
caa_loc,tempo,40.0156,6.74954,7.624171,5.659401,7.411523
caa_loc,tempo,44.4618,6.717344,7.629787,5.672785,7.41266
caa_loc,tempo,48.908,6.703314,7.622767,5.687673,7.393022
caa_loc,tempo,53.3542,6.668589,7.588952,5.677608,7.381666
caa_loc,tempo,57.8003,6.67176,7.59269,5.717141,7.373183
caa_loc,tempo,62.2465,6.665113,7.610765,5.737696,7.382238
caa_loc,tempo,66.6927,6.634193,7.597542,5.73913,7.350747
sae,tempo,-20.1436,6.6809,7.448409,5.25217,7.254744
sae,tempo,-18.8007,6.705471,7.479703,5.252076,7.287438
sae,tempo,-17.4578,6.749067,7.504777,5.271023,7.312468
sae,tempo,-16.1149,6.753543,7.514585,5.28422,7.312425
sae,tempo,-14.772,6.802282,7.542133,5.294668,7.332134
sae,tempo,-13.4291,6.835061,7.573579,5.302469,7.372707
sae,tempo,-12.0862,6.787274,7.537145,5.272745,7.356913
sae,tempo,-10.7433,6.817586,7.562364,5.293731,7.378138
sae,tempo,-9.4003,6.81654,7.586397,5.310342,7.386225
sae,tempo,-8.0574,6.760725,7.558608,5.302817,7.366785
sae,tempo,-6.7145,6.788234,7.576531,5.324027,7.382052
sae,tempo,-5.3716,6.796683,7.591165,5.361973,7.392317
sae,tempo,-4.0287,6.79691,7.587984,5.377684,7.40766
sae,tempo,-2.6858,6.824006,7.614419,5.408581,7.41603
sae,tempo,-1.3429,6.772708,7.587622,5.381168,7.418261
sae,tempo,0.0,6.744613,7.56835,5.373714,7.378022
sae,tempo,1.6189,6.739037,7.565137,5.409848,7.377577
sae,tempo,3.2377,6.7151,7.567815,5.424076,7.379701
sae,tempo,4.8566,6.704302,7.547484,5.442108,7.367203
sae,tempo,6.4754,6.663906,7.549765,5.45219,7.341982
sae,tempo,8.0943,6.68067,7.598102,5.489552,7.378327
sae,tempo,9.7131,6.628785,7.5734,5.46904,7.339272
sae,tempo,11.332,6.568505,7.543273,5.482598,7.308913
sae,tempo,12.9508,6.547606,7.522986,5.51305,7.258162
sae,tempo,14.5697,6.511199,7.50809,5.539988,7.228815
sae,tempo,16.1885,6.484955,7.477602,5.562738,7.180076
sae,tempo,17.8074,6.462757,7.478118,5.596299,7.166346
sae,tempo,19.4262,6.40095,7.428168,5.595596,7.113917
sae,tempo,21.0451,6.387306,7.423898,5.611315,7.088343
sae,tempo,22.6639,6.353008,7.407686,5.636229,7.071576
sae,tempo,24.2828,6.302262,7.393082,5.639441,7.024902
pci_all,vocal_gender,-30.0,6.890903,7.349886,6.011665,7.495616
pci_all,vocal_gender,-28.0,6.852699,7.339412,5.88754,7.48033
pci_all,vocal_gender,-26.0,6.854148,7.351473,5.856061,7.487182
pci_all,vocal_gender,-24.0,6.878026,7.369693,5.849828,7.519717
pci_all,vocal_gender,-22.0,6.846332,7.33925,5.829601,7.483349
pci_all,vocal_gender,-20.0,6.844391,7.337808,5.833095,7.482557
pci_all,vocal_gender,-18.0,6.83942,7.339207,5.817523,7.486665
pci_all,vocal_gender,-16.0,6.823866,7.32659,5.808771,7.493907
pci_all,vocal_gender,-14.0,6.810074,7.326229,5.805353,7.483452
pci_all,vocal_gender,-12.0,6.805427,7.314036,5.81815,7.473867
pci_all,vocal_gender,-10.0,6.810216,7.329569,5.835787,7.468528
pci_all,vocal_gender,-8.0,6.795349,7.310563,5.827306,7.459237
pci_all,vocal_gender,-6.0,6.795297,7.31252,5.824855,7.453692
pci_all,vocal_gender,-4.0,6.792592,7.312768,5.83257,7.457807
pci_all,vocal_gender,-2.0,6.79035,7.299169,5.827344,7.439075
pci_all,vocal_gender,0.0,6.804934,7.313469,5.8279,7.450903
pci_all,vocal_gender,2.0,6.802416,7.301432,5.829422,7.441673
pci_all,vocal_gender,4.0,6.803284,7.298906,5.829746,7.427099
pci_all,vocal_gender,6.0,6.794389,7.311311,5.827775,7.438266
pci_all,vocal_gender,8.0,6.80319,7.305033,5.832336,7.446622
pci_all,vocal_gender,10.0,6.797621,7.307891,5.833287,7.444309
pci_all,vocal_gender,12.0,6.817862,7.325408,5.866343,7.468577
pci_all,vocal_gender,14.0,6.824182,7.326361,5.857151,7.459271
pci_all,vocal_gender,16.0,6.851861,7.344842,5.871103,7.480471
pci_all,vocal_gender,18.0,6.873711,7.372716,5.889842,7.504671
pci_all,vocal_gender,20.0,6.86468,7.351691,5.930748,7.484845
pci_all,vocal_gender,22.0,6.886149,7.380802,5.973227,7.521531
pci_all,vocal_gender,24.0,6.931374,7.426544,6.035874,7.565846
pci_all,vocal_gender,26.0,6.92784,7.398053,6.038332,7.517474
pci_all,vocal_gender,28.0,6.917699,7.387236,6.026141,7.513124
pci_all,vocal_gender,30.0,6.935298,7.399493,6.010246,7.530732
pci_loc,vocal_gender,-30.0,6.802792,7.294469,6.010947,7.466606
pci_loc,vocal_gender,-28.0,6.817335,7.322814,5.868341,7.479185
pci_loc,vocal_gender,-26.0,6.77111,7.27526,5.823715,7.464919
pci_loc,vocal_gender,-24.0,6.731888,7.235502,5.809738,7.428137
pci_loc,vocal_gender,-22.0,6.776173,7.267302,5.795881,7.450469
pci_loc,vocal_gender,-20.0,6.802764,7.302234,5.808365,7.482769
pci_loc,vocal_gender,-18.0,6.788597,7.28389,5.80388,7.45392
pci_loc,vocal_gender,-16.0,6.791292,7.282809,5.805072,7.474145
pci_loc,vocal_gender,-14.0,6.769921,7.268504,5.805179,7.452447
pci_loc,vocal_gender,-12.0,6.758372,7.265118,5.795343,7.452415
pci_loc,vocal_gender,-10.0,6.742708,7.245885,5.798297,7.438314
pci_loc,vocal_gender,-8.0,6.757069,7.25208,5.806089,7.445501
pci_loc,vocal_gender,-6.0,6.739319,7.260567,5.803174,7.44211
pci_loc,vocal_gender,-4.0,6.731235,7.257223,5.805442,7.440257
pci_loc,vocal_gender,-2.0,6.736043,7.256773,5.797614,7.445965
pci_loc,vocal_gender,0.0,6.804934,7.313469,5.8279,7.450903
pci_loc,vocal_gender,2.0,6.741618,7.251642,5.81259,7.440408
pci_loc,vocal_gender,4.0,6.751565,7.263031,5.806844,7.448314
pci_loc,vocal_gender,6.0,6.743003,7.259454,5.809294,7.441163
pci_loc,vocal_gender,8.0,6.749266,7.251211,5.817602,7.434166
pci_loc,vocal_gender,10.0,6.75667,7.265275,5.816674,7.450652
pci_loc,vocal_gender,12.0,6.783895,7.27572,5.818917,7.440999
pci_loc,vocal_gender,14.0,6.76944,7.275402,5.837831,7.424436
pci_loc,vocal_gender,16.0,6.781442,7.269952,5.868746,7.416853
pci_loc,vocal_gender,18.0,6.768549,7.299711,5.879269,7.438447
pci_loc,vocal_gender,20.0,6.792214,7.332603,5.910761,7.475681
pci_loc,vocal_gender,22.0,6.847363,7.379449,5.975024,7.533812
pci_loc,vocal_gender,24.0,6.833032,7.371733,6.001994,7.516151
pci_loc,vocal_gender,26.0,6.832498,7.34892,6.004805,7.476209
pci_loc,vocal_gender,28.0,6.835186,7.333099,5.983251,7.474335
pci_loc,vocal_gender,30.0,6.862558,7.365304,6.022563,7.513673
textemb_all,vocal_gender,-0.4351,5.878452,6.792499,5.245864,6.945178
textemb_all,vocal_gender,-0.4061,5.920094,6.832115,5.286824,6.979585
textemb_all,vocal_gender,-0.3771,5.973244,6.842143,5.346655,6.991227
textemb_all,vocal_gender,-0.3481,6.122088,6.908311,5.412481,7.041895
textemb_all,vocal_gender,-0.3191,6.148376,6.906398,5.445922,7.026556
textemb_all,vocal_gender,-0.2901,6.219571,6.93676,5.510013,7.048203
textemb_all,vocal_gender,-0.2611,6.279672,6.968466,5.527353,7.064764
textemb_all,vocal_gender,-0.2321,6.399384,7.071859,5.61442,7.14654
textemb_all,vocal_gender,-0.203,6.446583,7.098689,5.655535,7.217618
textemb_all,vocal_gender,-0.174,6.487346,7.145023,5.698724,7.223153
textemb_all,vocal_gender,-0.145,6.619082,7.185362,5.756668,7.281765
textemb_all,vocal_gender,-0.116,6.712582,7.255139,5.809622,7.383547
textemb_all,vocal_gender,-0.087,6.787368,7.310264,5.821724,7.444876
textemb_all,vocal_gender,-0.058,6.829696,7.327154,5.799601,7.480531
textemb_all,vocal_gender,-0.029,6.819417,7.339637,5.822092,7.479665
textemb_all,vocal_gender,0.0,6.804934,7.313469,5.8279,7.450903
textemb_all,vocal_gender,0.0536,6.799359,7.31128,5.799425,7.461146
textemb_all,vocal_gender,0.1073,6.699905,7.251301,5.768096,7.397782
textemb_all,vocal_gender,0.1609,6.557149,7.162745,5.695909,7.339227
textemb_all,vocal_gender,0.2145,6.427636,7.09175,5.621435,7.264678
textemb_all,vocal_gender,0.2681,6.340739,7.020505,5.58446,7.193513
textemb_all,vocal_gender,0.3218,6.197503,6.927116,5.533908,7.08102
textemb_all,vocal_gender,0.3754,6.080827,6.867269,5.485719,7.022094
textemb_all,vocal_gender,0.429,5.963695,6.787995,5.390138,6.968204
textemb_all,vocal_gender,0.4826,5.903869,6.718149,5.359373,6.912533
textemb_all,vocal_gender,0.5363,5.843722,6.658811,5.308027,6.882989
textemb_all,vocal_gender,0.5899,5.772653,6.667044,5.239462,6.907856
textemb_all,vocal_gender,0.6435,5.75685,6.652087,5.201946,6.886616
textemb_all,vocal_gender,0.6971,5.675589,6.620502,5.170442,6.866019
textemb_all,vocal_gender,0.7508,5.616448,6.598069,5.114252,6.842883
textemb_all,vocal_gender,0.8044,5.601139,6.614981,5.09298,6.843285
textemb_loc,vocal_gender,-0.6409,6.763391,7.201724,5.902677,7.328709
textemb_loc,vocal_gender,-0.5982,6.765952,7.238002,5.920173,7.369883
textemb_loc,vocal_gender,-0.5554,6.816099,7.254517,5.92587,7.376566
textemb_loc,vocal_gender,-0.5127,6.816692,7.257692,5.92619,7.394855
textemb_loc,vocal_gender,-0.47,6.818876,7.265224,5.918013,7.399611
textemb_loc,vocal_gender,-0.4273,6.806672,7.241369,5.928515,7.388326
textemb_loc,vocal_gender,-0.3845,6.783545,7.223299,5.887037,7.373721
textemb_loc,vocal_gender,-0.3418,6.76384,7.22176,5.879347,7.373518
textemb_loc,vocal_gender,-0.2991,6.785066,7.23415,5.872739,7.404921
textemb_loc,vocal_gender,-0.2564,6.76949,7.227026,5.843331,7.386713
textemb_loc,vocal_gender,-0.2136,6.799949,7.233969,5.851108,7.397176
textemb_loc,vocal_gender,-0.1709,6.76419,7.233208,5.833333,7.393945
textemb_loc,vocal_gender,-0.1282,6.756969,7.240102,5.817421,7.411381
textemb_loc,vocal_gender,-0.0855,6.771503,7.246071,5.787681,7.425198
textemb_loc,vocal_gender,-0.0427,6.772532,7.260452,5.817264,7.427104
textemb_loc,vocal_gender,0.0,6.804934,7.313469,5.8279,7.450903
textemb_loc,vocal_gender,0.0712,6.730382,7.262228,5.779178,7.41965
textemb_loc,vocal_gender,0.1425,6.737525,7.256158,5.799352,7.425623
textemb_loc,vocal_gender,0.2137,6.692418,7.209037,5.79431,7.423389
textemb_loc,vocal_gender,0.2849,6.629897,7.177062,5.780451,7.385495
textemb_loc,vocal_gender,0.3562,6.662257,7.212523,5.819306,7.408786
textemb_loc,vocal_gender,0.4274,6.651095,7.210856,5.84366,7.391566
textemb_loc,vocal_gender,0.4986,6.662949,7.248527,5.860415,7.43391
textemb_loc,vocal_gender,0.5699,6.64168,7.219255,5.881493,7.403277
textemb_loc,vocal_gender,0.6411,6.643583,7.234209,5.885642,7.397939
textemb_loc,vocal_gender,0.7123,6.653294,7.239942,5.912306,7.383986
textemb_loc,vocal_gender,0.7836,6.657397,7.260626,5.949361,7.410603
textemb_loc,vocal_gender,0.8548,6.700665,7.284503,5.987027,7.422853
textemb_loc,vocal_gender,0.926,6.674298,7.264172,5.994872,7.392296
textemb_loc,vocal_gender,0.9973,6.651421,7.235909,6.014598,7.354424
textemb_loc,vocal_gender,1.0685,6.62626,7.220226,6.065447,7.328189
tokemb_all,vocal_gender,-7.9128,6.994472,7.428011,5.937054,7.572646
tokemb_all,vocal_gender,-7.3853,7.004656,7.474267,5.884938,7.599856
tokemb_all,vocal_gender,-6.8578,7.001291,7.462767,5.876388,7.603743
tokemb_all,vocal_gender,-6.3302,6.970593,7.434211,5.880343,7.557627
tokemb_all,vocal_gender,-5.8027,6.955065,7.417615,5.832841,7.557618
tokemb_all,vocal_gender,-5.2752,6.941627,7.406322,5.851001,7.528544
tokemb_all,vocal_gender,-4.7477,6.90362,7.360345,5.845291,7.515659
tokemb_all,vocal_gender,-4.2202,6.861324,7.325885,5.837894,7.473219
tokemb_all,vocal_gender,-3.6926,6.859538,7.334557,5.84263,7.499009
tokemb_all,vocal_gender,-3.1651,6.857457,7.36014,5.835591,7.51186
tokemb_all,vocal_gender,-2.6376,6.832189,7.318899,5.805517,7.481042
tokemb_all,vocal_gender,-2.1101,6.838363,7.319557,5.832829,7.487257
tokemb_all,vocal_gender,-1.5826,6.831112,7.319215,5.824266,7.475132
tokemb_all,vocal_gender,-1.055,6.822138,7.311533,5.828781,7.472663
tokemb_all,vocal_gender,-0.5275,6.816506,7.307689,5.827803,7.450952
tokemb_all,vocal_gender,0.0,6.804934,7.313469,5.8279,7.450903
tokemb_all,vocal_gender,0.3777,6.80392,7.319508,5.817388,7.454033
tokemb_all,vocal_gender,0.7554,6.822618,7.334634,5.842346,7.479694
tokemb_all,vocal_gender,1.1331,6.818723,7.338507,5.85157,7.492204
tokemb_all,vocal_gender,1.5107,6.819627,7.323615,5.86205,7.471394
tokemb_all,vocal_gender,1.8884,6.832012,7.338822,5.885464,7.508721
tokemb_all,vocal_gender,2.2661,6.83528,7.336172,5.903449,7.485259
tokemb_all,vocal_gender,2.6438,6.852825,7.347106,5.938416,7.490614
tokemb_all,vocal_gender,3.0215,6.886035,7.366254,5.938411,7.501946
tokemb_all,vocal_gender,3.3992,6.8707,7.351305,5.921185,7.497791
tokemb_all,vocal_gender,3.7769,6.845862,7.345337,5.911211,7.503287
tokemb_all,vocal_gender,4.1546,6.808227,7.329739,5.933045,7.472506
tokemb_all,vocal_gender,4.5322,6.835724,7.34213,5.979117,7.494604
tokemb_all,vocal_gender,4.9099,6.788252,7.324773,5.96318,7.486335
tokemb_all,vocal_gender,5.2876,6.820769,7.351067,6.002358,7.515241
tokemb_all,vocal_gender,5.6653,6.839513,7.341849,6.045729,7.510572
tokemb_loc,vocal_gender,-9.583,7.104732,7.461362,5.943881,7.619122
tokemb_loc,vocal_gender,-8.9441,7.060864,7.47016,5.888356,7.611663
tokemb_loc,vocal_gender,-8.3053,7.054876,7.459901,5.881697,7.624637
tokemb_loc,vocal_gender,-7.6664,7.008514,7.433837,5.849791,7.572365
tokemb_loc,vocal_gender,-7.0275,6.987386,7.432675,5.843531,7.586792
tokemb_loc,vocal_gender,-6.3887,6.966494,7.412596,5.852333,7.561855
tokemb_loc,vocal_gender,-5.7498,6.844173,7.347288,5.815989,7.500585
tokemb_loc,vocal_gender,-5.1109,6.77828,7.296582,5.805744,7.466777
tokemb_loc,vocal_gender,-4.4721,6.750603,7.261576,5.81386,7.450731
tokemb_loc,vocal_gender,-3.8332,6.730818,7.246528,5.810405,7.435633
tokemb_loc,vocal_gender,-3.1943,6.70518,7.193934,5.784527,7.400566
tokemb_loc,vocal_gender,-2.5555,6.679361,7.178927,5.778063,7.388426
tokemb_loc,vocal_gender,-1.9166,6.662907,7.184728,5.783083,7.390872
tokemb_loc,vocal_gender,-1.2777,6.679336,7.185396,5.77187,7.389715
tokemb_loc,vocal_gender,-0.6389,6.731637,7.227364,5.796443,7.41895
tokemb_loc,vocal_gender,0.0,6.804934,7.313469,5.8279,7.450903
tokemb_loc,vocal_gender,0.3632,6.752553,7.265264,5.817825,7.45203
tokemb_loc,vocal_gender,0.7264,6.744065,7.26082,5.795694,7.432938
tokemb_loc,vocal_gender,1.0896,6.750947,7.264238,5.829447,7.43554
tokemb_loc,vocal_gender,1.4528,6.750753,7.265088,5.847196,7.420706
tokemb_loc,vocal_gender,1.816,6.777733,7.285319,5.865596,7.450513
tokemb_loc,vocal_gender,2.1792,6.804105,7.308918,5.887215,7.465199
tokemb_loc,vocal_gender,2.5424,6.811101,7.320441,5.925892,7.46651
tokemb_loc,vocal_gender,2.9057,6.794964,7.323295,5.985295,7.477197
tokemb_loc,vocal_gender,3.2689,6.798955,7.303703,5.940981,7.468945
tokemb_loc,vocal_gender,3.6321,6.735576,7.267389,5.927093,7.439956
tokemb_loc,vocal_gender,3.9953,6.712524,7.269251,5.998174,7.404869
tokemb_loc,vocal_gender,4.3585,6.716108,7.2701,6.010962,7.417672
tokemb_loc,vocal_gender,4.7217,6.689551,7.254489,6.032501,7.40875
tokemb_loc,vocal_gender,5.0849,6.664681,7.242041,6.09514,7.372273
tokemb_loc,vocal_gender,5.4481,6.609817,7.20768,6.070167,7.312076
freesliders_all,vocal_gender,-2.9536,6.812623,7.265736,5.848668,7.433625
freesliders_all,vocal_gender,-2.7567,6.830999,7.284485,5.882791,7.454232
freesliders_all,vocal_gender,-2.5598,6.805918,7.307766,5.853501,7.475165
freesliders_all,vocal_gender,-2.3629,6.784706,7.281704,5.860841,7.461129
freesliders_all,vocal_gender,-2.166,6.820651,7.307601,5.84151,7.476371
freesliders_all,vocal_gender,-1.9691,6.800863,7.315075,5.857162,7.500158
freesliders_all,vocal_gender,-1.7722,6.838107,7.330126,5.874426,7.509017
freesliders_all,vocal_gender,-1.5753,6.80489,7.324863,5.870138,7.48911
freesliders_all,vocal_gender,-1.3783,6.823384,7.331645,5.863203,7.499958
freesliders_all,vocal_gender,-1.1814,6.847321,7.33518,5.867581,7.491215
freesliders_all,vocal_gender,-0.9845,6.8356,7.336597,5.86247,7.497029
freesliders_all,vocal_gender,-0.7876,6.826529,7.32198,5.841109,7.489691
freesliders_all,vocal_gender,-0.5907,6.822368,7.305147,5.837116,7.458533
freesliders_all,vocal_gender,-0.3938,6.804968,7.299662,5.841452,7.448443
freesliders_all,vocal_gender,-0.1969,6.826134,7.316368,5.843694,7.46537
freesliders_all,vocal_gender,0.0,6.804934,7.313469,5.8279,7.450903
freesliders_all,vocal_gender,0.1888,6.823495,7.336397,5.804474,7.47756
freesliders_all,vocal_gender,0.3777,6.804927,7.331557,5.798276,7.463855
freesliders_all,vocal_gender,0.5665,6.793566,7.343799,5.782126,7.485359
freesliders_all,vocal_gender,0.7553,6.826198,7.373449,5.817672,7.509266
freesliders_all,vocal_gender,0.9441,6.833234,7.386148,5.817842,7.520665
freesliders_all,vocal_gender,1.133,6.854504,7.393152,5.834198,7.531745
freesliders_all,vocal_gender,1.3218,6.850475,7.406721,5.775026,7.554683
freesliders_all,vocal_gender,1.5106,6.850447,7.411977,5.807165,7.552086
freesliders_all,vocal_gender,1.6994,6.845226,7.39259,5.799884,7.539013
freesliders_all,vocal_gender,1.8883,6.865927,7.423102,5.793938,7.571586
freesliders_all,vocal_gender,2.0771,6.854653,7.4273,5.761623,7.569953
freesliders_all,vocal_gender,2.2659,6.847525,7.416186,5.742438,7.562782
freesliders_all,vocal_gender,2.4547,6.862221,7.438354,5.757774,7.562843
freesliders_all,vocal_gender,2.6436,6.860972,7.437461,5.747549,7.584015
freesliders_all,vocal_gender,2.8324,6.824613,7.401469,5.731643,7.53157
freesliders_loc,vocal_gender,-3.0957,6.837467,7.291425,5.849291,7.452261
freesliders_loc,vocal_gender,-2.8893,6.824696,7.298264,5.860521,7.46886
freesliders_loc,vocal_gender,-2.6829,6.798541,7.298185,5.853892,7.480235
freesliders_loc,vocal_gender,-2.4766,6.807284,7.297992,5.830381,7.467555
freesliders_loc,vocal_gender,-2.2702,6.797563,7.315508,5.844798,7.508836
freesliders_loc,vocal_gender,-2.0638,6.826359,7.32299,5.857535,7.509114
freesliders_loc,vocal_gender,-1.8574,6.790682,7.312138,5.844007,7.486233
freesliders_loc,vocal_gender,-1.651,6.793893,7.313062,5.842944,7.48524
freesliders_loc,vocal_gender,-1.4447,6.803958,7.31158,5.838092,7.462257
freesliders_loc,vocal_gender,-1.2383,6.808028,7.315922,5.842388,7.471015
freesliders_loc,vocal_gender,-1.0319,6.790759,7.318741,5.847581,7.48343
freesliders_loc,vocal_gender,-0.8255,6.79923,7.321334,5.827611,7.481446
freesliders_loc,vocal_gender,-0.6191,6.79892,7.313286,5.824128,7.47356
freesliders_loc,vocal_gender,-0.4128,6.826267,7.317058,5.84467,7.468026
freesliders_loc,vocal_gender,-0.2064,6.814233,7.299098,5.851839,7.464976
freesliders_loc,vocal_gender,0.0,6.804934,7.313469,5.8279,7.450903
freesliders_loc,vocal_gender,0.1894,6.81157,7.33896,5.80625,7.472694
freesliders_loc,vocal_gender,0.3788,6.819132,7.318698,5.806287,7.456885
freesliders_loc,vocal_gender,0.5682,6.82009,7.355238,5.812011,7.478597
freesliders_loc,vocal_gender,0.7575,6.821653,7.377295,5.80484,7.519419
freesliders_loc,vocal_gender,0.9469,6.843647,7.395191,5.833665,7.527388
freesliders_loc,vocal_gender,1.1363,6.860677,7.404031,5.809155,7.532519
freesliders_loc,vocal_gender,1.3257,6.863522,7.404902,5.819083,7.541837
freesliders_loc,vocal_gender,1.5151,6.86045,7.407164,5.82841,7.554339
freesliders_loc,vocal_gender,1.7045,6.853773,7.384596,5.79257,7.527579
freesliders_loc,vocal_gender,1.8939,6.84103,7.388706,5.764567,7.519549
freesliders_loc,vocal_gender,2.0833,6.864669,7.422456,5.764188,7.558862
freesliders_loc,vocal_gender,2.2726,6.868843,7.417534,5.749419,7.553251
freesliders_loc,vocal_gender,2.462,6.853089,7.425363,5.720158,7.557109
freesliders_loc,vocal_gender,2.6514,6.856701,7.413198,5.734661,7.548726
freesliders_loc,vocal_gender,2.8408,6.854104,7.388523,5.673935,7.531775
cs_all,vocal_gender,-0.6789,5.935503,6.838982,5.863924,7.001857
cs_all,vocal_gender,-0.6336,6.000052,6.879266,5.86837,7.042839
cs_all,vocal_gender,-0.5884,6.050991,6.907612,5.868593,7.065557
cs_all,vocal_gender,-0.5431,6.172683,6.956544,5.868945,7.127844
cs_all,vocal_gender,-0.4979,6.241923,7.011067,5.862985,7.16755
cs_all,vocal_gender,-0.4526,6.332976,7.062559,5.868288,7.213348
cs_all,vocal_gender,-0.4073,6.399173,7.075761,5.88722,7.248354
cs_all,vocal_gender,-0.3621,6.46372,7.101311,5.868442,7.273286
cs_all,vocal_gender,-0.3168,6.487414,7.1129,5.842231,7.27187
cs_all,vocal_gender,-0.2716,6.555133,7.14428,5.829428,7.304425
cs_all,vocal_gender,-0.2263,6.620227,7.185002,5.802092,7.358289
cs_all,vocal_gender,-0.181,6.65907,7.235283,5.817409,7.403168
cs_all,vocal_gender,-0.1358,6.702395,7.280058,5.787612,7.434104
cs_all,vocal_gender,-0.0905,6.756631,7.291381,5.820351,7.448967
cs_all,vocal_gender,-0.0453,6.785033,7.299479,5.833435,7.441085
cs_all,vocal_gender,0.0,6.790416,7.309166,5.828088,7.45302
cs_all,vocal_gender,0.0435,6.829137,7.336046,5.817313,7.467232
cs_all,vocal_gender,0.087,6.879654,7.361958,5.818131,7.50354
cs_all,vocal_gender,0.1304,6.928398,7.384454,5.827124,7.526402
cs_all,vocal_gender,0.1739,6.974157,7.432079,5.8184,7.560365
cs_all,vocal_gender,0.2174,7.019156,7.448478,5.841201,7.56748
cs_all,vocal_gender,0.2609,7.034156,7.453134,5.800659,7.580019
cs_all,vocal_gender,0.3044,7.086397,7.491671,5.806691,7.617655
cs_all,vocal_gender,0.3478,7.093978,7.492187,5.790691,7.609104
cs_all,vocal_gender,0.3913,7.103419,7.506785,5.813701,7.622303
cs_all,vocal_gender,0.4348,7.160581,7.524076,5.836912,7.645563
cs_all,vocal_gender,0.4783,7.173426,7.521971,5.836926,7.651606
cs_all,vocal_gender,0.5218,7.145009,7.499804,5.824444,7.639642
cs_all,vocal_gender,0.5652,7.163309,7.511283,5.799379,7.659918
cs_all,vocal_gender,0.6087,7.187459,7.504197,5.788143,7.642364
cs_all,vocal_gender,0.6522,7.211539,7.532254,5.779453,7.6864
cs_loc,vocal_gender,-1.922,6.527869,7.226371,5.904282,7.380917
cs_loc,vocal_gender,-1.7939,6.560792,7.221877,5.898879,7.371094
cs_loc,vocal_gender,-1.6657,6.595584,7.252429,5.927312,7.417293
cs_loc,vocal_gender,-1.5376,6.630318,7.269686,5.935449,7.424649
cs_loc,vocal_gender,-1.4095,6.62364,7.264804,5.909581,7.411834
cs_loc,vocal_gender,-1.2813,6.632129,7.255347,5.889452,7.418827
cs_loc,vocal_gender,-1.1532,6.636232,7.265428,5.905077,7.424281
cs_loc,vocal_gender,-1.0251,6.666462,7.28311,5.90179,7.436742
cs_loc,vocal_gender,-0.8969,6.702329,7.291357,5.891743,7.452278
cs_loc,vocal_gender,-0.7688,6.670886,7.285878,5.863961,7.457778
cs_loc,vocal_gender,-0.6407,6.703295,7.286946,5.891442,7.445088
cs_loc,vocal_gender,-0.5125,6.749029,7.284402,5.871189,7.447327
cs_loc,vocal_gender,-0.3844,6.733322,7.27078,5.851709,7.428873
cs_loc,vocal_gender,-0.2563,6.77809,7.310819,5.861304,7.46357
cs_loc,vocal_gender,-0.1281,6.785191,7.298923,5.813356,7.442935
cs_loc,vocal_gender,0.0,6.790416,7.309166,5.828088,7.45302
cs_loc,vocal_gender,0.1022,6.841747,7.325142,5.827021,7.465308
cs_loc,vocal_gender,0.2044,6.846177,7.345577,5.816224,7.471821
cs_loc,vocal_gender,0.3066,6.880818,7.362126,5.824391,7.482004
cs_loc,vocal_gender,0.4087,6.905166,7.389519,5.831071,7.52282
cs_loc,vocal_gender,0.5109,6.916149,7.387103,5.815599,7.527801
cs_loc,vocal_gender,0.6131,6.956716,7.432608,5.845937,7.57225
cs_loc,vocal_gender,0.7153,6.957964,7.437603,5.820116,7.56782
cs_loc,vocal_gender,0.8175,6.992218,7.454599,5.823226,7.594446
cs_loc,vocal_gender,0.9197,6.999344,7.441421,5.831249,7.592023
cs_loc,vocal_gender,1.0219,6.996982,7.41443,5.816186,7.575117
cs_loc,vocal_gender,1.1241,7.021885,7.4422,5.838227,7.603088
cs_loc,vocal_gender,1.2262,7.06611,7.453453,5.835023,7.620463
cs_loc,vocal_gender,1.3284,7.079442,7.472378,5.826026,7.636763
cs_loc,vocal_gender,1.4306,7.087922,7.493451,5.827903,7.67586
cs_loc,vocal_gender,1.5328,7.106469,7.48715,5.82414,7.663684
austeer_all,vocal_gender,-2.3836,6.20626,6.636077,5.512428,6.727385
austeer_all,vocal_gender,-2.2247,6.232885,6.657212,5.51309,6.736294
austeer_all,vocal_gender,-2.0658,6.232994,6.68627,5.518194,6.792466
austeer_all,vocal_gender,-1.9069,6.300817,6.732138,5.510092,6.84041
austeer_all,vocal_gender,-1.748,6.373886,6.802624,5.542693,6.89459
austeer_all,vocal_gender,-1.5891,6.4081,6.808196,5.564175,6.910348
austeer_all,vocal_gender,-1.4302,6.455186,6.885388,5.584332,7.000966
austeer_all,vocal_gender,-1.2713,6.477921,6.901869,5.566528,7.029935
austeer_all,vocal_gender,-1.1123,6.530923,6.967681,5.622964,7.103786
austeer_all,vocal_gender,-0.9534,6.588241,7.028821,5.64267,7.179966
austeer_all,vocal_gender,-0.7945,6.633858,7.075136,5.676232,7.242809
austeer_all,vocal_gender,-0.6356,6.679704,7.158092,5.701918,7.327991
austeer_all,vocal_gender,-0.4767,6.731047,7.212981,5.73325,7.387755
austeer_all,vocal_gender,-0.3178,6.785858,7.259144,5.772848,7.450892
austeer_all,vocal_gender,-0.1589,6.790844,7.296227,5.805685,7.466268
austeer_all,vocal_gender,0.0,6.804934,7.313469,5.8279,7.450903
austeer_all,vocal_gender,0.1349,6.839773,7.351702,5.844477,7.46012
austeer_all,vocal_gender,0.2697,6.79011,7.322252,5.869175,7.412076
austeer_all,vocal_gender,0.4046,6.814563,7.34858,5.910027,7.428802
austeer_all,vocal_gender,0.5395,6.785565,7.324873,5.948341,7.368438
austeer_all,vocal_gender,0.6744,6.761886,7.304658,5.952856,7.359108
austeer_all,vocal_gender,0.8092,6.749759,7.278145,5.953741,7.29618
austeer_all,vocal_gender,0.9441,6.707648,7.254494,5.956561,7.257239
austeer_all,vocal_gender,1.079,6.684193,7.204949,5.970584,7.20978
austeer_all,vocal_gender,1.2139,6.676191,7.196113,5.993614,7.20104
austeer_all,vocal_gender,1.3487,6.684697,7.195312,6.01324,7.194692
austeer_all,vocal_gender,1.4836,6.669855,7.168441,6.009371,7.16824
austeer_all,vocal_gender,1.6185,6.663836,7.140062,6.007215,7.1161
austeer_all,vocal_gender,1.7534,6.653895,7.151781,6.020933,7.131883
austeer_all,vocal_gender,1.8882,6.648706,7.108359,6.024577,7.105235
austeer_all,vocal_gender,2.0231,6.63482,7.102172,6.023961,7.074655
austeer_loc,vocal_gender,-5.2727,6.293002,6.778388,5.778744,6.910891
austeer_loc,vocal_gender,-4.9212,6.333862,6.810742,5.775144,6.951731
austeer_loc,vocal_gender,-4.5697,6.378134,6.871006,5.793755,7.012473
austeer_loc,vocal_gender,-4.2182,6.429864,6.944767,5.797733,7.08022
austeer_loc,vocal_gender,-3.8666,6.456136,6.966295,5.776247,7.091749
austeer_loc,vocal_gender,-3.5151,6.501583,7.011396,5.807492,7.160357
austeer_loc,vocal_gender,-3.1636,6.524751,7.036201,5.804695,7.184502
austeer_loc,vocal_gender,-2.8121,6.566094,7.083186,5.804069,7.24422
austeer_loc,vocal_gender,-2.4606,6.591644,7.127656,5.778842,7.290207
austeer_loc,vocal_gender,-2.1091,6.651249,7.156039,5.816693,7.330251
austeer_loc,vocal_gender,-1.7576,6.662693,7.198327,5.80627,7.382532
austeer_loc,vocal_gender,-1.4061,6.708984,7.23826,5.818175,7.417249
austeer_loc,vocal_gender,-1.0545,6.75902,7.269471,5.827224,7.447494
austeer_loc,vocal_gender,-0.703,6.776467,7.291781,5.818743,7.471413
austeer_loc,vocal_gender,-0.3515,6.795195,7.303017,5.835646,7.467134
austeer_loc,vocal_gender,0.0,6.804934,7.313469,5.8279,7.450903
austeer_loc,vocal_gender,0.2402,6.836174,7.332136,5.805814,7.470433
austeer_loc,vocal_gender,0.4804,6.857195,7.370551,5.838411,7.500794
austeer_loc,vocal_gender,0.7206,6.877561,7.386508,5.862476,7.512044
austeer_loc,vocal_gender,0.9608,6.912502,7.420254,5.896173,7.543574
austeer_loc,vocal_gender,1.201,6.922772,7.426746,5.893345,7.566632
austeer_loc,vocal_gender,1.4412,6.962439,7.481024,5.907027,7.608543
austeer_loc,vocal_gender,1.6814,6.953442,7.468839,5.913577,7.600417
austeer_loc,vocal_gender,1.9216,6.979386,7.467192,5.879083,7.589294
austeer_loc,vocal_gender,2.1618,6.967202,7.464596,5.89664,7.580134
austeer_loc,vocal_gender,2.402,6.978611,7.469886,5.882314,7.584867
austeer_loc,vocal_gender,2.6422,6.952649,7.447082,5.901797,7.565226
austeer_loc,vocal_gender,2.8824,6.960385,7.471718,5.926534,7.573223
austeer_loc,vocal_gender,3.1226,6.959826,7.46693,5.928734,7.563546
austeer_loc,vocal_gender,3.3628,6.915858,7.420734,5.917476,7.522243
austeer_loc,vocal_gender,3.603,6.908759,7.411702,5.919271,7.495636
caa_all,vocal_gender,-46.8475,6.821938,7.29266,5.75166,7.425565
caa_all,vocal_gender,-43.7243,6.82045,7.312774,5.757884,7.459937
caa_all,vocal_gender,-40.6012,6.805199,7.311195,5.744534,7.460388
caa_all,vocal_gender,-37.478,6.789919,7.302274,5.728816,7.449781
caa_all,vocal_gender,-34.3548,6.780026,7.28979,5.738221,7.451066
caa_all,vocal_gender,-31.2317,6.796816,7.314314,5.73853,7.473548
caa_all,vocal_gender,-28.1085,6.79059,7.289446,5.732514,7.448681
caa_all,vocal_gender,-24.9853,6.779587,7.270174,5.76597,7.450881
caa_all,vocal_gender,-21.8622,6.782499,7.270218,5.763755,7.456266
caa_all,vocal_gender,-18.739,6.768307,7.272982,5.760727,7.441021
caa_all,vocal_gender,-15.6158,6.756254,7.252188,5.754942,7.425921
caa_all,vocal_gender,-12.4927,6.760758,7.248754,5.749478,7.436697
caa_all,vocal_gender,-9.3695,6.765905,7.282581,5.755085,7.465901
caa_all,vocal_gender,-6.2463,6.81963,7.290668,5.77924,7.479586
caa_all,vocal_gender,-3.1232,6.825675,7.322127,5.788613,7.503464
caa_all,vocal_gender,0.0,6.804934,7.313469,5.8279,7.450903
caa_all,vocal_gender,3.9761,6.816616,7.345671,5.840661,7.456903
caa_all,vocal_gender,7.9522,6.801479,7.329243,5.850035,7.403044
caa_all,vocal_gender,11.9283,6.78951,7.338536,5.910542,7.407314
caa_all,vocal_gender,15.9043,6.81262,7.341562,5.924446,7.400302
caa_all,vocal_gender,19.8804,6.792763,7.354065,5.967381,7.395272
caa_all,vocal_gender,23.8565,6.767677,7.338195,5.972849,7.386947
caa_all,vocal_gender,27.8326,6.741414,7.273058,5.982773,7.335224
caa_all,vocal_gender,31.8087,6.749091,7.300649,5.985634,7.368196
caa_all,vocal_gender,35.7848,6.760043,7.300732,5.987352,7.365901
caa_all,vocal_gender,39.7609,6.772854,7.292109,5.979579,7.358137
caa_all,vocal_gender,43.737,6.811421,7.309012,6.001001,7.375767
caa_all,vocal_gender,47.713,6.804025,7.279337,6.011191,7.337087
caa_all,vocal_gender,51.6891,6.802373,7.277199,6.00167,7.331323
caa_all,vocal_gender,55.6652,6.814539,7.25644,6.01432,7.326533
caa_all,vocal_gender,59.6413,6.819375,7.242724,6.025506,7.308028
caa_loc,vocal_gender,-173.2238,6.781667,7.286589,5.658099,7.393384
caa_loc,vocal_gender,-161.6755,6.770125,7.25922,5.652126,7.391691
caa_loc,vocal_gender,-150.1273,6.777828,7.26579,5.682323,7.39768
caa_loc,vocal_gender,-138.579,6.765503,7.280117,5.671835,7.419279
caa_loc,vocal_gender,-127.0308,6.777905,7.281753,5.681363,7.440477
caa_loc,vocal_gender,-115.4825,6.751056,7.268139,5.712561,7.431329
caa_loc,vocal_gender,-103.9343,6.766991,7.282101,5.72101,7.443338
caa_loc,vocal_gender,-92.386,6.756127,7.273364,5.727097,7.430602
caa_loc,vocal_gender,-80.8378,6.745008,7.26534,5.732336,7.430078
caa_loc,vocal_gender,-69.2895,6.72916,7.252015,5.738912,7.441005
caa_loc,vocal_gender,-57.7413,6.744341,7.266957,5.743709,7.44781
caa_loc,vocal_gender,-46.193,6.753594,7.295239,5.746856,7.46892
caa_loc,vocal_gender,-34.6448,6.785184,7.304612,5.766712,7.488791
caa_loc,vocal_gender,-23.0965,6.813971,7.309587,5.785958,7.481526
caa_loc,vocal_gender,-11.5483,6.815633,7.313266,5.834414,7.460074
caa_loc,vocal_gender,0.0,6.804934,7.313469,5.8279,7.450903
caa_loc,vocal_gender,8.3147,6.838597,7.356003,5.821466,7.473703
caa_loc,vocal_gender,16.6294,6.843414,7.354853,5.850835,7.476544
caa_loc,vocal_gender,24.9441,6.879699,7.384211,5.888069,7.503685
caa_loc,vocal_gender,33.2587,6.871777,7.386128,5.893651,7.50158
caa_loc,vocal_gender,41.5734,6.904964,7.413621,5.910681,7.531052
caa_loc,vocal_gender,49.8881,6.888923,7.409385,5.887526,7.543844
caa_loc,vocal_gender,58.2028,6.900053,7.399606,5.901352,7.528999
caa_loc,vocal_gender,66.5175,6.924789,7.415967,5.919441,7.558976
caa_loc,vocal_gender,74.8322,6.94982,7.431747,5.936875,7.575759
caa_loc,vocal_gender,83.1469,6.952761,7.445248,5.928028,7.585068
caa_loc,vocal_gender,91.4616,6.953325,7.435541,5.932499,7.569756
caa_loc,vocal_gender,99.7762,6.945934,7.436601,5.935211,7.558365
caa_loc,vocal_gender,108.0909,6.920375,7.417741,5.923658,7.552
caa_loc,vocal_gender,116.4056,6.953635,7.441285,5.931197,7.571948
caa_loc,vocal_gender,124.7203,6.95048,7.440184,5.917708,7.57328
sae,vocal_gender,-14.8568,6.48058,7.112707,5.717928,7.231455
sae,vocal_gender,-13.8663,6.523019,7.132379,5.724344,7.257101
sae,vocal_gender,-12.8759,6.547978,7.158181,5.721389,7.280294
sae,vocal_gender,-11.8854,6.544152,7.136204,5.719748,7.257849
sae,vocal_gender,-10.895,6.556921,7.152854,5.741521,7.270908
sae,vocal_gender,-9.9045,6.596674,7.187815,5.734471,7.320296
sae,vocal_gender,-8.9141,6.605653,7.176691,5.721406,7.3227
sae,vocal_gender,-7.9236,6.614094,7.190128,5.722733,7.331403
sae,vocal_gender,-6.9332,6.626073,7.211137,5.698251,7.354688
sae,vocal_gender,-5.9427,6.625668,7.226952,5.689619,7.396193
sae,vocal_gender,-4.9523,6.68097,7.246088,5.722544,7.417685
sae,vocal_gender,-3.9618,6.714323,7.267021,5.744413,7.438656
sae,vocal_gender,-2.9714,6.7549,7.285741,5.760751,7.455433
sae,vocal_gender,-1.9809,6.77973,7.307816,5.779753,7.476947
sae,vocal_gender,-0.9905,6.779098,7.307424,5.792082,7.462065
sae,vocal_gender,0.0,6.792176,7.314731,5.809456,7.454109
sae,vocal_gender,0.8449,6.853573,7.340977,5.82806,7.474962
sae,vocal_gender,1.6898,6.85943,7.356142,5.872433,7.491693
sae,vocal_gender,2.5347,6.90361,7.39713,5.921332,7.524871
sae,vocal_gender,3.3797,6.938004,7.41776,5.990275,7.537922
sae,vocal_gender,4.2246,6.9455,7.408653,5.989993,7.527216
sae,vocal_gender,5.0695,6.959894,7.409819,5.997668,7.522048
sae,vocal_gender,5.9144,6.97134,7.397329,6.035212,7.531948
sae,vocal_gender,6.7593,6.972896,7.393933,6.023508,7.518218
sae,vocal_gender,7.6042,6.983746,7.394629,6.028368,7.513731
sae,vocal_gender,8.4491,6.971127,7.367678,6.036078,7.495619
sae,vocal_gender,9.294,6.947632,7.345088,6.043379,7.4865
sae,vocal_gender,10.139,6.940692,7.352988,6.051055,7.461466
sae,vocal_gender,10.9839,6.940468,7.35552,6.060729,7.478218
sae,vocal_gender,11.8288,6.941715,7.352694,6.080221,7.475036
sae,vocal_gender,12.6737,6.935773,7.343452,6.107695,7.467357
pci_all,vocal_style,-30.0,6.858072,7.354423,5.814078,7.51598
pci_all,vocal_style,-28.0,6.833735,7.326234,5.795866,7.463402
pci_all,vocal_style,-26.0,6.831065,7.314527,5.82264,7.462763
pci_all,vocal_style,-24.0,6.847365,7.345492,5.8514,7.489034
pci_all,vocal_style,-22.0,6.856728,7.340975,5.822082,7.488723
pci_all,vocal_style,-20.0,6.847692,7.336469,5.827017,7.472899
pci_all,vocal_style,-18.0,6.828114,7.331309,5.834657,7.481389
pci_all,vocal_style,-16.0,6.798901,7.299816,5.817936,7.448021
pci_all,vocal_style,-14.0,6.786466,7.307841,5.815544,7.460397
pci_all,vocal_style,-12.0,6.791346,7.310724,5.822591,7.471073
pci_all,vocal_style,-10.0,6.786003,7.307147,5.808071,7.467761
pci_all,vocal_style,-8.0,6.791239,7.322772,5.827118,7.489187
pci_all,vocal_style,-6.0,6.781254,7.312737,5.82911,7.482113
pci_all,vocal_style,-4.0,6.784711,7.310524,5.822548,7.476412
pci_all,vocal_style,-2.0,6.794555,7.317913,5.828146,7.471919
pci_all,vocal_style,0.0,6.789318,7.310881,5.82865,7.470111
pci_all,vocal_style,2.0,6.79718,7.310989,5.827727,7.467182
pci_all,vocal_style,4.0,6.791347,7.320172,5.834308,7.486059
pci_all,vocal_style,6.0,6.779869,7.301849,5.831037,7.463236
pci_all,vocal_style,8.0,6.785679,7.313652,5.828391,7.486413
pci_all,vocal_style,10.0,6.782169,7.313237,5.820788,7.469563
pci_all,vocal_style,12.0,6.783535,7.293479,5.826029,7.463216
pci_all,vocal_style,14.0,6.751742,7.278479,5.833976,7.455492
pci_all,vocal_style,16.0,6.718486,7.252099,5.804277,7.426636
pci_all,vocal_style,18.0,6.648164,7.21947,5.801336,7.417839
pci_all,vocal_style,20.0,6.567517,7.167652,5.804909,7.3775
pci_all,vocal_style,22.0,6.551543,7.197933,5.839821,7.376619
pci_all,vocal_style,24.0,6.52388,7.218783,5.85395,7.390183
pci_all,vocal_style,26.0,6.41143,7.153166,5.850671,7.328979
pci_all,vocal_style,28.0,6.38708,7.161808,5.942354,7.343726
pci_all,vocal_style,30.0,6.398899,7.201922,5.982086,7.381593
pci_loc,vocal_style,-30.0,6.734512,7.261823,5.740353,7.454966
pci_loc,vocal_style,-28.0,6.74004,7.26773,5.818819,7.438568
pci_loc,vocal_style,-26.0,6.75082,7.249711,5.822101,7.416139
pci_loc,vocal_style,-24.0,6.74181,7.248571,5.841933,7.4216
pci_loc,vocal_style,-22.0,6.777047,7.269551,5.822283,7.450488
pci_loc,vocal_style,-20.0,6.77599,7.274299,5.814503,7.444612
pci_loc,vocal_style,-18.0,6.767111,7.247449,5.825476,7.440394
pci_loc,vocal_style,-16.0,6.763813,7.246269,5.806428,7.436648
pci_loc,vocal_style,-14.0,6.753064,7.230885,5.781841,7.414876
pci_loc,vocal_style,-12.0,6.749889,7.249977,5.815366,7.426155
pci_loc,vocal_style,-10.0,6.739026,7.240872,5.801695,7.421411
pci_loc,vocal_style,-8.0,6.747263,7.251592,5.808344,7.433347
pci_loc,vocal_style,-6.0,6.739588,7.250069,5.807754,7.428433
pci_loc,vocal_style,-4.0,6.733672,7.238893,5.804008,7.418531
pci_loc,vocal_style,-2.0,6.734529,7.25001,5.808597,7.430507
pci_loc,vocal_style,0.0,6.789318,7.310881,5.82865,7.470111
pci_loc,vocal_style,2.0,6.744503,7.24636,5.821618,7.421941
pci_loc,vocal_style,4.0,6.733129,7.249537,5.806203,7.427398
pci_loc,vocal_style,6.0,6.735597,7.239359,5.808241,7.419068
pci_loc,vocal_style,8.0,6.731555,7.250498,5.798672,7.42902
pci_loc,vocal_style,10.0,6.724338,7.232555,5.810257,7.420688
pci_loc,vocal_style,12.0,6.737803,7.253667,5.821414,7.43911
pci_loc,vocal_style,14.0,6.708116,7.241651,5.82366,7.43254
pci_loc,vocal_style,16.0,6.663008,7.214238,5.815455,7.42725
pci_loc,vocal_style,18.0,6.629255,7.20712,5.798869,7.411485
pci_loc,vocal_style,20.0,6.581943,7.171897,5.819426,7.398019
pci_loc,vocal_style,22.0,6.465314,7.139649,5.836672,7.350696
pci_loc,vocal_style,24.0,6.427987,7.151202,5.848975,7.333353
pci_loc,vocal_style,26.0,6.340222,7.101944,5.832168,7.317056
pci_loc,vocal_style,28.0,6.295851,7.119541,5.848208,7.306446
pci_loc,vocal_style,30.0,6.2921,7.145384,5.931792,7.375055
textemb_all,vocal_style,-0.294,6.093668,6.914366,5.463695,7.096109
textemb_all,vocal_style,-0.2744,6.087071,6.913131,5.44098,7.091094
textemb_all,vocal_style,-0.2548,6.125576,6.9339,5.484479,7.099915
textemb_all,vocal_style,-0.2352,6.201233,6.955178,5.541413,7.133608
textemb_all,vocal_style,-0.2156,6.275949,6.983841,5.587429,7.173295
textemb_all,vocal_style,-0.196,6.327844,7.020072,5.630528,7.213569
textemb_all,vocal_style,-0.1764,6.381303,7.029172,5.606608,7.2343
textemb_all,vocal_style,-0.1568,6.510504,7.097244,5.644609,7.270246
textemb_all,vocal_style,-0.1372,6.532462,7.112564,5.694386,7.281782
textemb_all,vocal_style,-0.1176,6.653737,7.207446,5.771908,7.323123
textemb_all,vocal_style,-0.098,6.724286,7.244439,5.772153,7.399542
textemb_all,vocal_style,-0.0784,6.780261,7.276341,5.814959,7.433813
textemb_all,vocal_style,-0.0588,6.792222,7.302694,5.764929,7.463523
textemb_all,vocal_style,-0.0392,6.802494,7.320351,5.803129,7.488602
textemb_all,vocal_style,-0.0196,6.805235,7.310819,5.809341,7.47776
textemb_all,vocal_style,0.0,6.789318,7.310881,5.82865,7.470111
textemb_all,vocal_style,0.0283,6.794222,7.312539,5.846224,7.48115
textemb_all,vocal_style,0.0565,6.802362,7.306825,5.884455,7.467241
textemb_all,vocal_style,0.0848,6.678084,7.232788,5.849673,7.359766
textemb_all,vocal_style,0.1131,6.508267,7.126901,5.836552,7.283847
textemb_all,vocal_style,0.1413,6.305013,6.978685,5.727857,7.1364
textemb_all,vocal_style,0.1696,6.105343,6.851179,5.604677,7.010207
textemb_all,vocal_style,0.1979,5.891276,6.716679,5.488609,6.892589
textemb_all,vocal_style,0.2261,5.740512,6.602977,5.364063,6.803307
textemb_all,vocal_style,0.2544,5.594281,6.540846,5.225416,6.762797
textemb_all,vocal_style,0.2827,5.461709,6.43569,5.137036,6.668497
textemb_all,vocal_style,0.3109,5.3755,6.423303,5.078456,6.649724
textemb_all,vocal_style,0.3392,5.309549,6.402583,5.027633,6.603586
textemb_all,vocal_style,0.3675,5.26829,6.403259,4.998118,6.591794
textemb_all,vocal_style,0.3957,5.153346,6.341556,4.930397,6.540573
textemb_all,vocal_style,0.424,5.089634,6.288346,4.865228,6.50008
textemb_loc,vocal_style,-0.4166,6.755923,7.270845,5.885028,7.450676
textemb_loc,vocal_style,-0.3888,6.761438,7.271249,5.89103,7.441162
textemb_loc,vocal_style,-0.3611,6.757042,7.24646,5.893161,7.421344
textemb_loc,vocal_style,-0.3333,6.753978,7.26044,5.889746,7.436346
textemb_loc,vocal_style,-0.3055,6.72499,7.213938,5.891244,7.395554
textemb_loc,vocal_style,-0.2777,6.759239,7.237588,5.883281,7.40004
textemb_loc,vocal_style,-0.25,6.739143,7.235644,5.86355,7.4149
textemb_loc,vocal_style,-0.2222,6.760209,7.246845,5.881,7.429405
textemb_loc,vocal_style,-0.1944,6.747262,7.234433,5.853486,7.403433
textemb_loc,vocal_style,-0.1666,6.776065,7.274411,5.853731,7.460161
textemb_loc,vocal_style,-0.1389,6.75262,7.27216,5.800693,7.437911
textemb_loc,vocal_style,-0.1111,6.761971,7.270127,5.811912,7.448441
textemb_loc,vocal_style,-0.0833,6.743756,7.267604,5.804038,7.455994
textemb_loc,vocal_style,-0.0555,6.70991,7.216695,5.779927,7.405096
textemb_loc,vocal_style,-0.0278,6.757822,7.25575,5.811082,7.450998
textemb_loc,vocal_style,0.0,6.789318,7.310881,5.82865,7.470111
textemb_loc,vocal_style,0.052,6.741179,7.242651,5.819918,7.41656
textemb_loc,vocal_style,0.1039,6.748934,7.267172,5.868339,7.44435
textemb_loc,vocal_style,0.1559,6.684418,7.207749,5.833417,7.387125
textemb_loc,vocal_style,0.2079,6.579079,7.114368,5.864605,7.326304
textemb_loc,vocal_style,0.2599,6.589076,7.136012,5.913636,7.337727
textemb_loc,vocal_style,0.3118,6.594264,7.154771,5.985258,7.367556
textemb_loc,vocal_style,0.3638,6.532614,7.127893,5.957607,7.334632
textemb_loc,vocal_style,0.4158,6.534128,7.172881,5.910731,7.370473
textemb_loc,vocal_style,0.4678,6.485688,7.158992,5.897248,7.33957
textemb_loc,vocal_style,0.5197,6.458362,7.135041,5.950976,7.305262
textemb_loc,vocal_style,0.5717,6.448045,7.109701,5.957197,7.264913
textemb_loc,vocal_style,0.6237,6.420606,7.105466,5.953575,7.244316
textemb_loc,vocal_style,0.6757,6.397068,7.115404,5.967858,7.230021
textemb_loc,vocal_style,0.7276,6.307977,7.054562,5.992553,7.138481
textemb_loc,vocal_style,0.7796,6.268814,7.019592,5.992634,7.09544
tokemb_all,vocal_style,-5.3432,6.886369,7.3765,5.654872,7.5154
tokemb_all,vocal_style,-4.987,6.856293,7.367658,5.668474,7.503799
tokemb_all,vocal_style,-4.6308,6.858798,7.368486,5.689637,7.511913
tokemb_all,vocal_style,-4.2746,6.884738,7.360129,5.753739,7.498181
tokemb_all,vocal_style,-3.9183,6.853932,7.353859,5.770326,7.466566
tokemb_all,vocal_style,-3.5621,6.854181,7.370239,5.781475,7.49302
tokemb_all,vocal_style,-3.2059,6.851481,7.351853,5.796967,7.488937
tokemb_all,vocal_style,-2.8497,6.847162,7.355642,5.83366,7.479083
tokemb_all,vocal_style,-2.4935,6.824239,7.347107,5.819294,7.484096
tokemb_all,vocal_style,-2.1373,6.832982,7.345913,5.8267,7.483308
tokemb_all,vocal_style,-1.7811,6.815525,7.327593,5.833941,7.479633
tokemb_all,vocal_style,-1.4249,6.807342,7.319603,5.801104,7.473166
tokemb_all,vocal_style,-1.0686,6.802331,7.312309,5.803296,7.478908
tokemb_all,vocal_style,-0.7124,6.813147,7.331467,5.812441,7.501396
tokemb_all,vocal_style,-0.3562,6.784398,7.300001,5.811336,7.472842
tokemb_all,vocal_style,0.0,6.789318,7.310881,5.82865,7.470111
tokemb_all,vocal_style,0.7145,6.783729,7.313515,5.849932,7.483086
tokemb_all,vocal_style,1.4291,6.79642,7.269996,5.84723,7.42628
tokemb_all,vocal_style,2.1436,6.810125,7.313876,5.845376,7.463355
tokemb_all,vocal_style,2.8581,6.83827,7.329927,5.871968,7.467836
tokemb_all,vocal_style,3.5727,6.856085,7.351946,5.874567,7.486575
tokemb_all,vocal_style,4.2872,6.900987,7.391708,5.910679,7.512516
tokemb_all,vocal_style,5.0017,6.97063,7.435242,5.91774,7.557007
tokemb_all,vocal_style,5.7163,6.954734,7.446451,5.891433,7.537147
tokemb_all,vocal_style,6.4308,6.962439,7.445131,5.855189,7.525458
tokemb_all,vocal_style,7.1453,7.031842,7.457905,5.85224,7.521391
tokemb_all,vocal_style,7.8599,7.06885,7.489579,5.859575,7.561394
tokemb_all,vocal_style,8.5744,7.11593,7.510355,5.827836,7.586283
tokemb_all,vocal_style,9.2889,7.140071,7.503574,5.816074,7.564408
tokemb_all,vocal_style,10.0035,7.179086,7.533362,5.804495,7.574371
tokemb_all,vocal_style,10.718,7.19068,7.542608,5.808559,7.574921
tokemb_loc,vocal_style,-4.7621,6.805208,7.289998,5.671193,7.449774
tokemb_loc,vocal_style,-4.4446,6.81129,7.286243,5.676324,7.463121
tokemb_loc,vocal_style,-4.1272,6.799735,7.307041,5.712458,7.467683
tokemb_loc,vocal_style,-3.8097,6.781652,7.281546,5.706366,7.439467
tokemb_loc,vocal_style,-3.4922,6.775457,7.286069,5.745366,7.447174
tokemb_loc,vocal_style,-3.1747,6.769599,7.285327,5.743256,7.464768
tokemb_loc,vocal_style,-2.8573,6.752393,7.258823,5.754766,7.428358
tokemb_loc,vocal_style,-2.5398,6.784033,7.282501,5.811328,7.446981
tokemb_loc,vocal_style,-2.2223,6.813891,7.303233,5.811022,7.482499
tokemb_loc,vocal_style,-1.9048,6.809276,7.293185,5.812893,7.464681
tokemb_loc,vocal_style,-1.5874,6.79452,7.300536,5.807857,7.480988
tokemb_loc,vocal_style,-1.2699,6.810132,7.282413,5.836053,7.466359
tokemb_loc,vocal_style,-0.9524,6.775976,7.277804,5.83612,7.471768
tokemb_loc,vocal_style,-0.6349,6.775366,7.28199,5.826024,7.455575
tokemb_loc,vocal_style,-0.3175,6.740966,7.239431,5.805517,7.429966
tokemb_loc,vocal_style,0.0,6.789318,7.310881,5.82865,7.470111
tokemb_loc,vocal_style,0.711,6.734602,7.256679,5.794622,7.420815
tokemb_loc,vocal_style,1.422,6.728385,7.249725,5.796024,7.418797
tokemb_loc,vocal_style,2.133,6.706462,7.242406,5.758879,7.413311
tokemb_loc,vocal_style,2.8439,6.760757,7.279915,5.802556,7.430743
tokemb_loc,vocal_style,3.5549,6.789617,7.307495,5.817772,7.457043
tokemb_loc,vocal_style,4.2659,6.835731,7.339309,5.857313,7.502371
tokemb_loc,vocal_style,4.9769,6.885117,7.377055,5.856703,7.501011
tokemb_loc,vocal_style,5.6879,6.93225,7.417674,5.856678,7.538031
tokemb_loc,vocal_style,6.3989,6.95009,7.408796,5.865037,7.501155
tokemb_loc,vocal_style,7.1099,6.976174,7.41833,5.839504,7.492912
tokemb_loc,vocal_style,7.8209,7.006539,7.435659,5.787382,7.489999
tokemb_loc,vocal_style,8.5318,7.033199,7.462001,5.771793,7.522626
tokemb_loc,vocal_style,9.2428,7.057838,7.485326,5.791781,7.537697
tokemb_loc,vocal_style,9.9538,7.119191,7.500845,5.773516,7.544273
tokemb_loc,vocal_style,10.6648,7.152806,7.511399,5.7685,7.565545
freesliders_all,vocal_style,-1.5857,6.975259,7.393651,5.758003,7.542228
freesliders_all,vocal_style,-1.48,6.95678,7.387963,5.765046,7.530576
freesliders_all,vocal_style,-1.3743,6.972517,7.389669,5.767195,7.542963
freesliders_all,vocal_style,-1.2686,6.951581,7.37775,5.76976,7.531113
freesliders_all,vocal_style,-1.1628,6.942504,7.382741,5.755749,7.537651
freesliders_all,vocal_style,-1.0571,6.918914,7.354558,5.752759,7.509456
freesliders_all,vocal_style,-0.9514,6.886497,7.359321,5.746177,7.513507
freesliders_all,vocal_style,-0.8457,6.88072,7.348201,5.753146,7.497973
freesliders_all,vocal_style,-0.74,6.897389,7.352772,5.762479,7.508367
freesliders_all,vocal_style,-0.6343,6.870627,7.332651,5.764016,7.484512
freesliders_all,vocal_style,-0.5286,6.869817,7.344067,5.790299,7.494534
freesliders_all,vocal_style,-0.4229,6.85629,7.334336,5.795108,7.492478
freesliders_all,vocal_style,-0.3171,6.814161,7.298822,5.80355,7.461846
freesliders_all,vocal_style,-0.2114,6.793558,7.311825,5.814791,7.495004
freesliders_all,vocal_style,-0.1057,6.774479,7.306751,5.790867,7.475131
freesliders_all,vocal_style,0.0,6.789318,7.310881,5.82865,7.470111
freesliders_all,vocal_style,0.1898,6.778186,7.291969,5.847068,7.457782
freesliders_all,vocal_style,0.3796,6.793581,7.312714,5.87752,7.474861
freesliders_all,vocal_style,0.5694,6.746703,7.287797,5.894235,7.43635
freesliders_all,vocal_style,0.7592,6.719002,7.276348,5.926831,7.430378
freesliders_all,vocal_style,0.949,6.65533,7.260442,5.951143,7.422793
freesliders_all,vocal_style,1.1388,6.624482,7.213057,6.001017,7.396694
freesliders_all,vocal_style,1.3286,6.61996,7.236192,6.027058,7.414166
freesliders_all,vocal_style,1.5184,6.536893,7.181729,6.039752,7.375026
freesliders_all,vocal_style,1.7082,6.498241,7.172738,6.006191,7.341579
freesliders_all,vocal_style,1.898,6.483552,7.180005,6.048986,7.345007
freesliders_all,vocal_style,2.0878,6.467554,7.186625,6.046551,7.343282
freesliders_all,vocal_style,2.2776,6.452573,7.16325,6.044236,7.327212
freesliders_all,vocal_style,2.4674,6.422874,7.211232,6.066149,7.371518
freesliders_all,vocal_style,2.6572,6.417497,7.239476,6.064486,7.388479
freesliders_all,vocal_style,2.847,6.36576,7.230371,6.09262,7.371633
freesliders_loc,vocal_style,-1.634,6.974937,7.39137,5.780379,7.552009
freesliders_loc,vocal_style,-1.5251,6.96053,7.398447,5.775389,7.542163
freesliders_loc,vocal_style,-1.4161,6.962857,7.371738,5.777915,7.528658
freesliders_loc,vocal_style,-1.3072,6.942083,7.372214,5.775057,7.530095
freesliders_loc,vocal_style,-1.1983,6.944883,7.376456,5.787717,7.533135
freesliders_loc,vocal_style,-1.0893,6.938495,7.366196,5.790473,7.53612
freesliders_loc,vocal_style,-0.9804,6.907557,7.362486,5.773518,7.52296
freesliders_loc,vocal_style,-0.8715,6.921019,7.350887,5.766057,7.512345
freesliders_loc,vocal_style,-0.7625,6.907471,7.357285,5.783946,7.511317
freesliders_loc,vocal_style,-0.6536,6.885926,7.34803,5.766155,7.4894
freesliders_loc,vocal_style,-0.5447,6.862508,7.339002,5.767887,7.493636
freesliders_loc,vocal_style,-0.4357,6.824615,7.29613,5.785835,7.460372
freesliders_loc,vocal_style,-0.3268,6.803744,7.302049,5.807381,7.466649
freesliders_loc,vocal_style,-0.2179,6.806995,7.318726,5.810788,7.491086
freesliders_loc,vocal_style,-0.1089,6.802159,7.306551,5.815737,7.471783
freesliders_loc,vocal_style,0.0,6.789318,7.310881,5.82865,7.470111
freesliders_loc,vocal_style,0.1975,6.770109,7.292134,5.846368,7.46359
freesliders_loc,vocal_style,0.3949,6.771741,7.302936,5.871543,7.46922
freesliders_loc,vocal_style,0.5924,6.750781,7.290825,5.907022,7.455841
freesliders_loc,vocal_style,0.7899,6.71215,7.282187,5.917803,7.432474
freesliders_loc,vocal_style,0.9873,6.649728,7.26227,5.951903,7.432128
freesliders_loc,vocal_style,1.1848,6.654818,7.2475,5.982468,7.413046
freesliders_loc,vocal_style,1.3823,6.57066,7.207058,5.97712,7.370853
freesliders_loc,vocal_style,1.5797,6.548427,7.187102,5.991219,7.365283
freesliders_loc,vocal_style,1.7772,6.495978,7.185426,5.995309,7.357712
freesliders_loc,vocal_style,1.9747,6.494648,7.187918,6.013693,7.335466
freesliders_loc,vocal_style,2.1721,6.486815,7.200093,6.022731,7.355809
freesliders_loc,vocal_style,2.3696,6.439562,7.186777,6.043249,7.347948
freesliders_loc,vocal_style,2.5671,6.373086,7.176322,6.047758,7.33335
freesliders_loc,vocal_style,2.7645,6.372242,7.194833,6.066399,7.366564
freesliders_loc,vocal_style,2.962,6.31821,7.204024,6.050983,7.366048
cs_all,vocal_style,-0.149,6.775821,7.327396,5.802535,7.508284
cs_all,vocal_style,-0.1391,6.794483,7.348895,5.796564,7.515343
cs_all,vocal_style,-0.1291,6.800743,7.345504,5.799157,7.512929
cs_all,vocal_style,-0.1192,6.81519,7.362981,5.811287,7.521973
cs_all,vocal_style,-0.1093,6.821997,7.371158,5.809169,7.517496
cs_all,vocal_style,-0.0993,6.845305,7.383606,5.805415,7.532662
cs_all,vocal_style,-0.0894,6.857559,7.383353,5.81599,7.525018
cs_all,vocal_style,-0.0795,6.867149,7.383817,5.826896,7.521663
cs_all,vocal_style,-0.0695,6.856263,7.359739,5.842526,7.505652
cs_all,vocal_style,-0.0596,6.856573,7.367624,5.856781,7.503535
cs_all,vocal_style,-0.0497,6.849724,7.367724,5.827687,7.521143
cs_all,vocal_style,-0.0397,6.832598,7.344036,5.830121,7.499351
cs_all,vocal_style,-0.0298,6.811303,7.338812,5.821085,7.497486
cs_all,vocal_style,-0.0199,6.816595,7.331594,5.805244,7.481654
cs_all,vocal_style,-0.0099,6.769932,7.30676,5.803983,7.443052
cs_all,vocal_style,0.0,6.790416,7.309166,5.828088,7.45302
cs_all,vocal_style,0.0125,6.795854,7.28284,5.825646,7.436168
cs_all,vocal_style,0.025,6.802065,7.316715,5.837919,7.4586
cs_all,vocal_style,0.0376,6.758875,7.273792,5.837172,7.44195
cs_all,vocal_style,0.0501,6.742452,7.26401,5.862481,7.441287
cs_all,vocal_style,0.0626,6.693663,7.247706,5.862242,7.429663
cs_all,vocal_style,0.0751,6.667255,7.228938,5.879357,7.416229
cs_all,vocal_style,0.0876,6.617062,7.212837,5.897479,7.38545
cs_all,vocal_style,0.1002,6.619832,7.214478,5.918692,7.399393
cs_all,vocal_style,0.1127,6.558171,7.189228,5.969449,7.361748
cs_all,vocal_style,0.1252,6.496658,7.148464,5.950407,7.32304
cs_all,vocal_style,0.1377,6.439852,7.132118,5.9752,7.307338
cs_all,vocal_style,0.1502,6.290834,7.062048,5.960609,7.250061
cs_all,vocal_style,0.1628,6.232848,7.047254,6.016291,7.221829
cs_all,vocal_style,0.1753,6.125104,7.008524,6.007949,7.184294
cs_all,vocal_style,0.1878,5.963581,6.992838,6.006906,7.160778
cs_loc,vocal_style,-0.3385,6.953002,7.469725,5.780384,7.599194
cs_loc,vocal_style,-0.3159,6.937747,7.459013,5.811347,7.602896
cs_loc,vocal_style,-0.2934,6.930927,7.466576,5.807696,7.608573
cs_loc,vocal_style,-0.2708,6.949735,7.463206,5.797893,7.577139
cs_loc,vocal_style,-0.2482,6.918442,7.454105,5.806326,7.584419
cs_loc,vocal_style,-0.2257,6.941214,7.443561,5.823293,7.580848
cs_loc,vocal_style,-0.2031,6.942734,7.453291,5.83006,7.586702
cs_loc,vocal_style,-0.1805,6.910441,7.442447,5.819075,7.578503
cs_loc,vocal_style,-0.158,6.918004,7.442742,5.823258,7.576527
cs_loc,vocal_style,-0.1354,6.868181,7.405501,5.826134,7.545367
cs_loc,vocal_style,-0.1128,6.876593,7.38726,5.801903,7.536876
cs_loc,vocal_style,-0.0903,6.87715,7.395365,5.818224,7.537138
cs_loc,vocal_style,-0.0677,6.865808,7.374625,5.817204,7.504649
cs_loc,vocal_style,-0.0451,6.834502,7.352166,5.799209,7.500048
cs_loc,vocal_style,-0.0226,6.827504,7.331279,5.813979,7.476558
cs_loc,vocal_style,0.0,6.790416,7.309166,5.828088,7.45302
cs_loc,vocal_style,0.0241,6.805923,7.305399,5.855783,7.443864
cs_loc,vocal_style,0.0483,6.772668,7.277488,5.84454,7.415963
cs_loc,vocal_style,0.0724,6.735033,7.279154,5.856524,7.430339
cs_loc,vocal_style,0.0966,6.6705,7.225409,5.863682,7.384992
cs_loc,vocal_style,0.1207,6.610442,7.181821,5.845655,7.376448
cs_loc,vocal_style,0.1448,6.60007,7.177537,5.864618,7.345957
cs_loc,vocal_style,0.169,6.55421,7.152552,5.847216,7.341815
cs_loc,vocal_style,0.1931,6.465637,7.074766,5.892056,7.274921
cs_loc,vocal_style,0.2173,6.449888,7.099411,5.961746,7.286578
cs_loc,vocal_style,0.2414,6.31397,7.047712,5.959672,7.250882
cs_loc,vocal_style,0.2655,6.281369,6.990701,5.969512,7.205612
cs_loc,vocal_style,0.2897,6.185042,6.951826,5.994576,7.170392
cs_loc,vocal_style,0.3138,6.170413,6.919605,6.025997,7.158254
cs_loc,vocal_style,0.338,6.135882,6.917331,6.043973,7.156109
cs_loc,vocal_style,0.3621,6.029259,6.827588,6.061753,7.077389
austeer_all,vocal_style,-2.0738,6.886919,7.336783,5.790945,7.392625
austeer_all,vocal_style,-1.9355,6.880663,7.341417,5.792551,7.39038
austeer_all,vocal_style,-1.7973,6.889023,7.347935,5.79085,7.403227
austeer_all,vocal_style,-1.659,6.882982,7.349444,5.79182,7.421794
austeer_all,vocal_style,-1.5208,6.860311,7.343087,5.779295,7.425449
austeer_all,vocal_style,-1.3825,6.892566,7.350914,5.797652,7.434603
austeer_all,vocal_style,-1.2443,6.859037,7.338171,5.786881,7.4199
austeer_all,vocal_style,-1.106,6.860142,7.344066,5.776957,7.405361
austeer_all,vocal_style,-0.9678,6.862641,7.337785,5.765998,7.432555
austeer_all,vocal_style,-0.8295,6.867456,7.34541,5.791773,7.440225
austeer_all,vocal_style,-0.6913,6.855226,7.342086,5.780263,7.430142
austeer_all,vocal_style,-0.553,6.860883,7.359859,5.802466,7.458264
austeer_all,vocal_style,-0.4148,6.837254,7.348801,5.793041,7.451598
austeer_all,vocal_style,-0.2765,6.815707,7.322932,5.792582,7.441332
austeer_all,vocal_style,-0.1383,6.820581,7.336693,5.798677,7.4636
austeer_all,vocal_style,0.0,6.804934,7.313469,5.8279,7.450903
austeer_all,vocal_style,0.3145,6.75784,7.301194,5.861639,7.467849
austeer_all,vocal_style,0.629,6.7059,7.262472,5.913006,7.449356
austeer_all,vocal_style,0.9435,6.630715,7.213953,5.906099,7.381432
austeer_all,vocal_style,1.258,6.577375,7.191019,5.936518,7.370389
austeer_all,vocal_style,1.5725,6.537174,7.138077,5.979504,7.309342
austeer_all,vocal_style,1.887,6.407314,7.087098,5.984772,7.255937
austeer_all,vocal_style,2.2015,6.343781,7.069979,6.013017,7.237664
austeer_all,vocal_style,2.5159,6.317091,7.047056,6.049738,7.212851
austeer_all,vocal_style,2.8304,6.243753,7.004381,6.046325,7.156292
austeer_all,vocal_style,3.1449,6.200336,6.960949,6.075351,7.095711
austeer_all,vocal_style,3.4594,6.121215,6.915326,6.064842,7.040846
austeer_all,vocal_style,3.7739,6.087059,6.856997,6.067102,6.978498
austeer_all,vocal_style,4.0884,6.015568,6.84025,6.078308,6.971696
austeer_all,vocal_style,4.4029,5.974659,6.823631,6.088283,6.981025
austeer_all,vocal_style,4.7174,5.94667,6.809579,6.092094,6.957056
austeer_loc,vocal_style,-1.7553,7.101751,7.49179,5.860867,7.619163
austeer_loc,vocal_style,-1.6383,7.069616,7.49071,5.822215,7.620789
austeer_loc,vocal_style,-1.5213,7.056668,7.473137,5.833788,7.603295
austeer_loc,vocal_style,-1.4042,7.041416,7.474095,5.816962,7.61028
austeer_loc,vocal_style,-1.2872,7.018005,7.464887,5.842203,7.584232
austeer_loc,vocal_style,-1.1702,7.026627,7.464288,5.832678,7.60205
austeer_loc,vocal_style,-1.0532,7.021508,7.475599,5.828045,7.609263
austeer_loc,vocal_style,-0.9362,6.988614,7.451115,5.829686,7.587283
austeer_loc,vocal_style,-0.8191,6.98295,7.439115,5.822454,7.580084
austeer_loc,vocal_style,-0.7021,6.975411,7.443098,5.831694,7.571049
austeer_loc,vocal_style,-0.5851,6.925074,7.407421,5.802561,7.532098
austeer_loc,vocal_style,-0.4681,6.928557,7.412999,5.80549,7.542435
austeer_loc,vocal_style,-0.3511,6.902455,7.377575,5.808117,7.524381
austeer_loc,vocal_style,-0.234,6.875497,7.373082,5.811434,7.521014
austeer_loc,vocal_style,-0.117,6.831215,7.343415,5.825591,7.471457
austeer_loc,vocal_style,0.0,6.804934,7.313469,5.8279,7.450903
austeer_loc,vocal_style,0.2217,6.724815,7.265542,5.834653,7.403372
austeer_loc,vocal_style,0.4433,6.677826,7.237361,5.837417,7.393609
austeer_loc,vocal_style,0.665,6.631896,7.237154,5.868916,7.40497
austeer_loc,vocal_style,0.8867,6.568954,7.181073,5.860695,7.35003
austeer_loc,vocal_style,1.1083,6.478189,7.120743,5.917206,7.30105
austeer_loc,vocal_style,1.33,6.396093,7.112457,5.939647,7.28365
austeer_loc,vocal_style,1.5517,6.297309,7.036443,5.957384,7.215801
austeer_loc,vocal_style,1.7733,6.207127,6.972337,5.968141,7.156325
austeer_loc,vocal_style,1.995,6.155308,6.961947,5.95645,7.13479
austeer_loc,vocal_style,2.2167,6.076158,6.905025,5.950353,7.096437
austeer_loc,vocal_style,2.4383,5.999805,6.849145,5.923644,7.03581
austeer_loc,vocal_style,2.66,5.917876,6.813586,5.940738,7.011776
austeer_loc,vocal_style,2.8817,5.845066,6.798754,5.962949,7.003338
austeer_loc,vocal_style,3.1033,5.808244,6.800664,5.959236,6.99018
austeer_loc,vocal_style,3.325,5.835948,6.809189,6.005379,7.002996
caa_all,vocal_style,-32.926,7.124085,7.498007,5.935373,7.581417
caa_all,vocal_style,-30.7309,7.121626,7.499071,5.927557,7.598338
caa_all,vocal_style,-28.5359,7.061013,7.477226,5.925846,7.567673
caa_all,vocal_style,-26.3408,7.080085,7.473712,5.926324,7.57026
caa_all,vocal_style,-24.1457,7.065397,7.472118,5.915014,7.559901
caa_all,vocal_style,-21.9507,7.006831,7.449412,5.901694,7.527956
caa_all,vocal_style,-19.7556,6.94071,7.384307,5.877549,7.480851
caa_all,vocal_style,-17.5605,6.922486,7.356674,5.854521,7.455215
caa_all,vocal_style,-15.3655,6.890511,7.360532,5.854564,7.458486
caa_all,vocal_style,-13.1704,6.881936,7.368614,5.858347,7.470881
caa_all,vocal_style,-10.9753,6.882442,7.375318,5.853558,7.487869
caa_all,vocal_style,-8.7803,6.851563,7.346802,5.838064,7.462714
caa_all,vocal_style,-6.5852,6.798384,7.294499,5.795438,7.432665
caa_all,vocal_style,-4.3901,6.800868,7.321449,5.811771,7.460823
caa_all,vocal_style,-2.1951,6.821343,7.32224,5.823351,7.477543
caa_all,vocal_style,0.0,6.789318,7.310881,5.82865,7.470111
caa_all,vocal_style,4.0315,6.769458,7.287557,5.824879,7.467918
caa_all,vocal_style,8.0631,6.734432,7.236798,5.829203,7.414068
caa_all,vocal_style,12.0946,6.666306,7.220521,5.816679,7.413396
caa_all,vocal_style,16.1262,6.640002,7.238479,5.820037,7.408906
caa_all,vocal_style,20.1577,6.576947,7.181912,5.799317,7.391056
caa_all,vocal_style,24.1892,6.553846,7.175081,5.829464,7.358362
caa_all,vocal_style,28.2208,6.429282,7.097101,5.819959,7.288894
caa_all,vocal_style,32.2523,6.39792,7.08995,5.819871,7.292157
caa_all,vocal_style,36.2839,6.388017,7.078265,5.840763,7.280652
caa_all,vocal_style,40.3154,6.333578,7.043679,5.814561,7.251742
caa_all,vocal_style,44.3469,6.262754,6.988628,5.784534,7.209494
caa_all,vocal_style,48.3785,6.19797,6.98707,5.773447,7.203693
caa_all,vocal_style,52.41,6.101811,6.904346,5.77022,7.153246
caa_all,vocal_style,56.4416,6.061046,6.946771,5.831423,7.176567
caa_all,vocal_style,60.4731,6.069544,6.931889,5.809777,7.164018
caa_loc,vocal_style,-63.7567,7.083356,7.498413,5.831519,7.638034
caa_loc,vocal_style,-59.5063,7.089066,7.505372,5.829625,7.632518
caa_loc,vocal_style,-55.2558,7.092474,7.511173,5.843445,7.635125
caa_loc,vocal_style,-51.0054,7.064711,7.498203,5.845794,7.620141
caa_loc,vocal_style,-46.7549,7.076956,7.501713,5.862422,7.634411
caa_loc,vocal_style,-42.5045,7.028032,7.468952,5.844451,7.601248
caa_loc,vocal_style,-38.254,7.026864,7.473716,5.868933,7.609766
caa_loc,vocal_style,-34.0036,7.002657,7.458944,5.872242,7.584227
caa_loc,vocal_style,-29.7531,6.971865,7.433626,5.859242,7.577318
caa_loc,vocal_style,-25.5027,6.943333,7.412108,5.837903,7.553336
caa_loc,vocal_style,-21.2522,6.905848,7.389228,5.821361,7.529304
caa_loc,vocal_style,-17.0018,6.895804,7.368675,5.8086,7.523978
caa_loc,vocal_style,-12.7513,6.862725,7.363391,5.802007,7.510554
caa_loc,vocal_style,-8.5009,6.835475,7.302216,5.828447,7.47717
caa_loc,vocal_style,-4.2504,6.806299,7.324291,5.829444,7.49766
caa_loc,vocal_style,0.0,6.789318,7.310881,5.82865,7.470111
caa_loc,vocal_style,6.5524,6.76971,7.297803,5.845919,7.461836
caa_loc,vocal_style,13.1049,6.716672,7.261801,5.850202,7.43258
caa_loc,vocal_style,19.6573,6.657086,7.226191,5.852399,7.399821
caa_loc,vocal_style,26.2098,6.608966,7.200136,5.840258,7.374591
caa_loc,vocal_style,32.7622,6.560883,7.206462,5.862214,7.395188
caa_loc,vocal_style,39.3146,6.497315,7.168222,5.890025,7.376508
caa_loc,vocal_style,45.8671,6.437184,7.146529,5.903821,7.349582
caa_loc,vocal_style,52.4195,6.382043,7.138785,5.935707,7.333614
caa_loc,vocal_style,58.972,6.32457,7.085745,5.927166,7.287526
caa_loc,vocal_style,65.5244,6.251286,7.055329,5.916814,7.262933
caa_loc,vocal_style,72.0768,6.182258,7.029334,5.87453,7.236737
caa_loc,vocal_style,78.6293,6.106567,6.99175,5.899884,7.223086
caa_loc,vocal_style,85.1817,6.112216,7.036813,5.900052,7.253586
caa_loc,vocal_style,91.7342,6.090357,7.033225,5.940958,7.248434
caa_loc,vocal_style,98.2866,6.072121,7.044591,5.96727,7.272645
sae,vocal_style,-13.7879,7.058389,7.399549,5.886624,7.510242
sae,vocal_style,-12.8687,7.0566,7.407507,5.893697,7.52215
sae,vocal_style,-11.9495,7.026645,7.410806,5.862943,7.530448
sae,vocal_style,-11.0303,7.032728,7.404857,5.88563,7.521782
sae,vocal_style,-10.1111,7.021595,7.42252,5.874446,7.54481
sae,vocal_style,-9.1919,7.011745,7.420719,5.893917,7.539924
sae,vocal_style,-8.2727,7.00757,7.443926,5.874727,7.566825
sae,vocal_style,-7.3535,7.012349,7.428994,5.861005,7.552178
sae,vocal_style,-6.4344,6.963179,7.403791,5.841512,7.522254
sae,vocal_style,-5.5152,6.951448,7.395169,5.852562,7.523217
sae,vocal_style,-4.596,6.935455,7.396848,5.823602,7.529605
sae,vocal_style,-3.6768,6.923569,7.38172,5.839851,7.512576
sae,vocal_style,-2.7576,6.881194,7.368795,5.814946,7.496713
sae,vocal_style,-1.8384,6.885154,7.359319,5.812735,7.491614
sae,vocal_style,-0.9192,6.840651,7.346942,5.810534,7.475713
sae,vocal_style,0.0,6.792176,7.314731,5.809456,7.454109
sae,vocal_style,1.3638,6.770326,7.311123,5.835786,7.462405
sae,vocal_style,2.7277,6.697352,7.254475,5.851451,7.413964
sae,vocal_style,4.0915,6.641317,7.252003,5.851812,7.419765
sae,vocal_style,5.4553,6.572904,7.230146,5.857574,7.408173
sae,vocal_style,6.8192,6.513991,7.222518,5.886329,7.396516
sae,vocal_style,8.183,6.483745,7.214286,5.925071,7.394798
sae,vocal_style,9.5468,6.389903,7.160949,5.936172,7.351478
sae,vocal_style,10.9107,6.347306,7.159156,5.91732,7.359793
sae,vocal_style,12.2745,6.281177,7.144678,5.946675,7.329134
sae,vocal_style,13.6383,6.174013,7.110196,5.934848,7.301773
sae,vocal_style,15.0022,6.174019,7.099101,5.938047,7.297601
sae,vocal_style,16.366,6.166183,7.108447,5.974905,7.29714
sae,vocal_style,17.7298,6.084351,7.062001,5.960796,7.268028
sae,vocal_style,19.0937,6.055691,7.056877,5.988651,7.251202
sae,vocal_style,20.4575,5.980438,7.029405,5.987875,7.232421
pci_all,violin,-30.0,6.776672,7.559221,5.556696,7.330659
pci_all,violin,-28.0,6.791029,7.55567,5.549084,7.354769
pci_all,violin,-26.0,6.727358,7.557751,5.514464,7.359114
pci_all,violin,-24.0,6.693965,7.533994,5.502016,7.35828
pci_all,violin,-22.0,6.682238,7.52141,5.480537,7.338246
pci_all,violin,-20.0,6.705423,7.545875,5.489441,7.371939
pci_all,violin,-18.0,6.678396,7.540023,5.501583,7.37706
pci_all,violin,-16.0,6.680084,7.549362,5.51472,7.372122
pci_all,violin,-14.0,6.688909,7.571321,5.503885,7.389303
pci_all,violin,-12.0,6.717409,7.589903,5.506633,7.415356
pci_all,violin,-10.0,6.72183,7.59972,5.512867,7.420452
pci_all,violin,-8.0,6.722476,7.610889,5.515002,7.427028
pci_all,violin,-6.0,6.737538,7.608829,5.516958,7.422693
pci_all,violin,-4.0,6.73912,7.613618,5.521523,7.43789
pci_all,violin,-2.0,6.748061,7.627216,5.51804,7.44412
pci_all,violin,0.0,6.750213,7.61775,5.521279,7.444907
pci_all,violin,2.0,6.7462,7.625236,5.524026,7.445064
pci_all,violin,4.0,6.741582,7.613556,5.518538,7.437071
pci_all,violin,6.0,6.739521,7.617575,5.521189,7.432957
pci_all,violin,8.0,6.745049,7.616345,5.524224,7.433436
pci_all,violin,10.0,6.740111,7.622451,5.524413,7.433929
pci_all,violin,12.0,6.736639,7.615911,5.520981,7.440045
pci_all,violin,14.0,6.740584,7.633179,5.498862,7.443129
pci_all,violin,16.0,6.724387,7.616705,5.49586,7.425761
pci_all,violin,18.0,6.751899,7.629382,5.509148,7.424054
pci_all,violin,20.0,6.821908,7.655358,5.483883,7.454273
pci_all,violin,22.0,6.841021,7.648749,5.436689,7.458084
pci_all,violin,24.0,6.880629,7.684801,5.419463,7.498366
pci_all,violin,26.0,6.928918,7.714807,5.396275,7.516437
pci_all,violin,28.0,6.984284,7.761055,5.387956,7.548769
pci_all,violin,30.0,7.026137,7.799459,5.335388,7.597597
pci_loc,violin,-30.0,6.82533,7.580865,5.531311,7.38928
pci_loc,violin,-28.0,6.85995,7.628654,5.553393,7.414698
pci_loc,violin,-26.0,6.788287,7.579077,5.529579,7.378669
pci_loc,violin,-24.0,6.742872,7.564948,5.493022,7.382426
pci_loc,violin,-22.0,6.741743,7.566334,5.510677,7.404969
pci_loc,violin,-20.0,6.709405,7.55068,5.509454,7.390615
pci_loc,violin,-18.0,6.71041,7.538726,5.51597,7.383597
pci_loc,violin,-16.0,6.7195,7.56321,5.513179,7.394231
pci_loc,violin,-14.0,6.702942,7.55733,5.519891,7.370101
pci_loc,violin,-12.0,6.746867,7.582158,5.539523,7.405211
pci_loc,violin,-10.0,6.751343,7.587914,5.54269,7.411536
pci_loc,violin,-8.0,6.746519,7.585449,5.521288,7.414642
pci_loc,violin,-6.0,6.748817,7.583009,5.527721,7.414305
pci_loc,violin,-4.0,6.740282,7.580438,5.521417,7.417257
pci_loc,violin,-2.0,6.730333,7.563709,5.525583,7.399442
pci_loc,violin,0.0,6.750213,7.61775,5.521279,7.444907
pci_loc,violin,2.0,6.739936,7.579746,5.529603,7.407068
pci_loc,violin,4.0,6.748524,7.577002,5.533116,7.404335
pci_loc,violin,6.0,6.767833,7.592198,5.534898,7.41805
pci_loc,violin,8.0,6.731554,7.575188,5.520953,7.40885
pci_loc,violin,10.0,6.75207,7.570741,5.522234,7.408836
pci_loc,violin,12.0,6.729974,7.580721,5.509801,7.409971
pci_loc,violin,14.0,6.739509,7.595751,5.513615,7.425021
pci_loc,violin,16.0,6.723034,7.580807,5.481385,7.42047
pci_loc,violin,18.0,6.791124,7.634669,5.503542,7.467831
pci_loc,violin,20.0,6.804021,7.632013,5.471502,7.461207
pci_loc,violin,22.0,6.798568,7.607055,5.438453,7.433837
pci_loc,violin,24.0,6.867233,7.68055,5.442794,7.487198
pci_loc,violin,26.0,6.925304,7.719796,5.435128,7.521118
pci_loc,violin,28.0,6.977471,7.76697,5.382079,7.565024
pci_loc,violin,30.0,7.036087,7.797411,5.336492,7.597085
textemb_all,violin,-0.1125,6.382133,7.319729,5.395606,7.089539
textemb_all,violin,-0.105,6.438179,7.395939,5.408487,7.15534
textemb_all,violin,-0.0975,6.535885,7.455885,5.457863,7.233083
textemb_all,violin,-0.09,6.620879,7.530717,5.519413,7.28667
textemb_all,violin,-0.0825,6.698522,7.592707,5.522911,7.372013
textemb_all,violin,-0.075,6.785716,7.652594,5.509174,7.442121
textemb_all,violin,-0.0675,6.768658,7.623672,5.501506,7.44099
textemb_all,violin,-0.06,6.778005,7.645449,5.495958,7.445024
textemb_all,violin,-0.0525,6.773776,7.643371,5.486681,7.446437
textemb_all,violin,-0.045,6.776557,7.63349,5.500283,7.451061
textemb_all,violin,-0.0375,6.797956,7.633058,5.506493,7.448452
textemb_all,violin,-0.03,6.803144,7.647277,5.509433,7.460026
textemb_all,violin,-0.0225,6.796,7.637676,5.521821,7.463992
textemb_all,violin,-0.015,6.763891,7.620644,5.531314,7.425588
textemb_all,violin,-0.0075,6.743889,7.616829,5.528055,7.418661
textemb_all,violin,0.0,6.750213,7.61775,5.521279,7.444907
textemb_all,violin,0.0677,6.747007,7.60886,5.499486,7.41702
textemb_all,violin,0.1354,6.757394,7.613412,5.509112,7.418423
textemb_all,violin,0.2031,6.733807,7.600408,5.484243,7.407189
textemb_all,violin,0.2709,6.729326,7.599665,5.466828,7.397771
textemb_all,violin,0.3386,6.742401,7.582474,5.47351,7.39919
textemb_all,violin,0.4063,6.750844,7.597592,5.452047,7.412736
textemb_all,violin,0.474,6.756814,7.616604,5.423538,7.435836
textemb_all,violin,0.5417,6.774736,7.618913,5.434955,7.433296
textemb_all,violin,0.6094,6.793584,7.623525,5.431392,7.426442
textemb_all,violin,0.6771,6.841049,7.646083,5.421306,7.432518
textemb_all,violin,0.7448,6.907312,7.693611,5.418302,7.479862
textemb_all,violin,0.8126,6.935632,7.721864,5.396511,7.514187
textemb_all,violin,0.8803,6.988718,7.759787,5.396366,7.558682
textemb_all,violin,0.948,7.044257,7.803179,5.358684,7.605725
textemb_all,violin,1.0157,7.053232,7.815259,5.332688,7.617228
textemb_loc,violin,-0.1764,6.440215,7.343419,5.426126,7.204925
textemb_loc,violin,-0.1646,6.474592,7.381499,5.411343,7.241254
textemb_loc,violin,-0.1529,6.581106,7.463837,5.454626,7.308202
textemb_loc,violin,-0.1411,6.665074,7.515629,5.499582,7.335907
textemb_loc,violin,-0.1294,6.669141,7.551515,5.457706,7.374543
textemb_loc,violin,-0.1176,6.764623,7.618295,5.495633,7.408211
textemb_loc,violin,-0.1058,6.82364,7.641748,5.532694,7.431087
textemb_loc,violin,-0.0941,6.797834,7.633999,5.510079,7.437113
textemb_loc,violin,-0.0823,6.849768,7.666781,5.559844,7.465967
textemb_loc,violin,-0.0706,6.829917,7.642511,5.571593,7.449179
textemb_loc,violin,-0.0588,6.803786,7.625251,5.550903,7.439102
textemb_loc,violin,-0.047,6.749157,7.598836,5.516259,7.41705
textemb_loc,violin,-0.0353,6.787863,7.614543,5.529428,7.440155
textemb_loc,violin,-0.0235,6.725566,7.573973,5.528254,7.395133
textemb_loc,violin,-0.0118,6.764284,7.588805,5.538347,7.41103
textemb_loc,violin,0.0,6.750213,7.61775,5.521279,7.444907
textemb_loc,violin,0.0683,6.740148,7.593569,5.510759,7.409055
textemb_loc,violin,0.1367,6.737601,7.603027,5.509502,7.408555
textemb_loc,violin,0.205,6.739295,7.603285,5.49884,7.409851
textemb_loc,violin,0.2734,6.730115,7.607883,5.468349,7.401519
textemb_loc,violin,0.3417,6.719266,7.586038,5.45621,7.389524
textemb_loc,violin,0.41,6.713745,7.589368,5.435738,7.397446
textemb_loc,violin,0.4784,6.755115,7.608946,5.453843,7.436302
textemb_loc,violin,0.5467,6.700034,7.58373,5.413694,7.413286
textemb_loc,violin,0.6151,6.800404,7.635488,5.4411,7.450874
textemb_loc,violin,0.6834,6.808753,7.635705,5.394012,7.464535
textemb_loc,violin,0.7517,6.915964,7.705928,5.437266,7.491327
textemb_loc,violin,0.8201,6.947292,7.747499,5.403144,7.52893
textemb_loc,violin,0.8884,6.965102,7.749771,5.393216,7.526143
textemb_loc,violin,0.9568,7.009729,7.774141,5.352107,7.573108
textemb_loc,violin,1.0251,7.034889,7.79242,5.328923,7.603324
tokemb_all,violin,-1.5986,6.474275,7.502028,5.510264,7.328284
tokemb_all,violin,-1.492,6.487787,7.511258,5.499186,7.338157
tokemb_all,violin,-1.3855,6.520089,7.530741,5.50951,7.343171
tokemb_all,violin,-1.2789,6.47137,7.499114,5.482024,7.311158
tokemb_all,violin,-1.1723,6.486991,7.500376,5.491346,7.325099
tokemb_all,violin,-1.0657,6.486176,7.499378,5.479513,7.305591
tokemb_all,violin,-0.9592,6.492398,7.49433,5.487042,7.298888
tokemb_all,violin,-0.8526,6.552171,7.525568,5.518933,7.315539
tokemb_all,violin,-0.746,6.56396,7.531229,5.528262,7.320264
tokemb_all,violin,-0.6394,6.612988,7.563736,5.510646,7.336519
tokemb_all,violin,-0.5329,6.632211,7.569059,5.530137,7.35414
tokemb_all,violin,-0.4263,6.647269,7.565625,5.515816,7.374451
tokemb_all,violin,-0.3197,6.665079,7.569246,5.509845,7.375185
tokemb_all,violin,-0.2131,6.689167,7.580102,5.4962,7.384283
tokemb_all,violin,-0.1066,6.707313,7.600272,5.513393,7.414071
tokemb_all,violin,0.0,6.750213,7.61775,5.521279,7.444907
tokemb_all,violin,0.0905,6.761446,7.605515,5.522849,7.425476
tokemb_all,violin,0.181,6.773794,7.612758,5.528134,7.420315
tokemb_all,violin,0.2714,6.781025,7.620603,5.517475,7.429847
tokemb_all,violin,0.3619,6.776637,7.62677,5.517276,7.420119
tokemb_all,violin,0.4524,6.776283,7.622384,5.486463,7.431962
tokemb_all,violin,0.5429,6.80317,7.629961,5.45229,7.454613
tokemb_all,violin,0.6334,6.837894,7.66805,5.443253,7.468784
tokemb_all,violin,0.7238,6.842542,7.67501,5.406282,7.489785
tokemb_all,violin,0.8143,6.827865,7.674182,5.396373,7.488488
tokemb_all,violin,0.9048,6.870073,7.721359,5.365342,7.536972
tokemb_all,violin,0.9953,6.924917,7.747087,5.375788,7.55735
tokemb_all,violin,1.0858,6.981089,7.776455,5.356175,7.595853
tokemb_all,violin,1.1762,7.014899,7.806608,5.305244,7.620604
tokemb_all,violin,1.2667,7.092258,7.852524,5.280746,7.660139
tokemb_all,violin,1.3572,7.082015,7.85761,5.233345,7.662371
tokemb_loc,violin,-1.788,6.413883,7.48924,5.489501,7.306818
tokemb_loc,violin,-1.6688,6.400029,7.495515,5.479932,7.311994
tokemb_loc,violin,-1.5496,6.454082,7.504652,5.508338,7.312765
tokemb_loc,violin,-1.4304,6.450696,7.488577,5.486023,7.307214
tokemb_loc,violin,-1.3112,6.435475,7.484606,5.469608,7.298582
tokemb_loc,violin,-1.192,6.482685,7.506154,5.485898,7.311442
tokemb_loc,violin,-1.0728,6.481926,7.506165,5.506805,7.286851
tokemb_loc,violin,-0.9536,6.486119,7.500846,5.505358,7.29996
tokemb_loc,violin,-0.8344,6.520891,7.514856,5.49452,7.304025
tokemb_loc,violin,-0.7152,6.568255,7.542656,5.516914,7.336282
tokemb_loc,violin,-0.596,6.574534,7.532989,5.523564,7.332807
tokemb_loc,violin,-0.4768,6.626009,7.534039,5.523119,7.342029
tokemb_loc,violin,-0.3576,6.657894,7.548567,5.519257,7.366147
tokemb_loc,violin,-0.2384,6.701208,7.569999,5.520641,7.399159
tokemb_loc,violin,-0.1192,6.730367,7.588984,5.533577,7.400911
tokemb_loc,violin,0.0,6.750213,7.61775,5.521279,7.444907
tokemb_loc,violin,0.0887,6.74552,7.577298,5.509231,7.420666
tokemb_loc,violin,0.1775,6.771157,7.594059,5.52088,7.409648
tokemb_loc,violin,0.2662,6.777137,7.599855,5.525053,7.416087
tokemb_loc,violin,0.3549,6.797697,7.616478,5.525281,7.42389
tokemb_loc,violin,0.4437,6.780422,7.598331,5.478834,7.433763
tokemb_loc,violin,0.5324,6.784391,7.617006,5.456087,7.438974
tokemb_loc,violin,0.6211,6.807667,7.635525,5.443596,7.451003
tokemb_loc,violin,0.7099,6.832383,7.664681,5.415608,7.474262
tokemb_loc,violin,0.7986,6.832968,7.684429,5.410118,7.511114
tokemb_loc,violin,0.8873,6.874092,7.720478,5.38672,7.549526
tokemb_loc,violin,0.9761,6.905352,7.742539,5.38181,7.567207
tokemb_loc,violin,1.0648,6.945891,7.774796,5.350319,7.604574
tokemb_loc,violin,1.1535,6.969832,7.799072,5.322536,7.625876
tokemb_loc,violin,1.2423,7.015496,7.82738,5.283886,7.64098
tokemb_loc,violin,1.331,7.024966,7.827851,5.248012,7.655005
freesliders_all,violin,-2.2627,6.565954,7.469702,5.463389,7.22272
freesliders_all,violin,-2.1119,6.578731,7.478264,5.484629,7.228128
freesliders_all,violin,-1.961,6.553485,7.455253,5.484912,7.207987
freesliders_all,violin,-1.8102,6.561792,7.453609,5.492686,7.218103
freesliders_all,violin,-1.6593,6.565549,7.46805,5.482023,7.228042
freesliders_all,violin,-1.5085,6.64258,7.511659,5.514652,7.283815
freesliders_all,violin,-1.3576,6.642673,7.487371,5.510961,7.262837
freesliders_all,violin,-1.2068,6.675994,7.531875,5.509953,7.290027
freesliders_all,violin,-1.0559,6.638771,7.501051,5.489932,7.292133
freesliders_all,violin,-0.9051,6.689375,7.565928,5.522566,7.339606
freesliders_all,violin,-0.7542,6.669532,7.538143,5.482721,7.328489
freesliders_all,violin,-0.6034,6.679055,7.558073,5.506164,7.33145
freesliders_all,violin,-0.4525,6.698026,7.568367,5.494311,7.35405
freesliders_all,violin,-0.3017,6.724181,7.580974,5.528244,7.367128
freesliders_all,violin,-0.1508,6.738515,7.606391,5.519808,7.415684
freesliders_all,violin,0.0,6.750213,7.61775,5.521279,7.444907
freesliders_all,violin,0.1988,6.745064,7.60688,5.51148,7.418738
freesliders_all,violin,0.3975,6.73551,7.59671,5.512485,7.413944
freesliders_all,violin,0.5963,6.734082,7.618525,5.508333,7.416678
freesliders_all,violin,0.795,6.750357,7.63378,5.497105,7.435238
freesliders_all,violin,0.9938,6.791859,7.660371,5.479296,7.460375
freesliders_all,violin,1.1925,6.759075,7.647741,5.432262,7.44241
freesliders_all,violin,1.3913,6.762492,7.655662,5.399346,7.450086
freesliders_all,violin,1.59,6.778604,7.670365,5.395782,7.468848
freesliders_all,violin,1.7888,6.805357,7.697711,5.366111,7.494608
freesliders_all,violin,1.9875,6.833818,7.70684,5.357976,7.509277
freesliders_all,violin,2.1863,6.854875,7.717927,5.317201,7.52447
freesliders_all,violin,2.385,6.854899,7.713171,5.300548,7.519509
freesliders_all,violin,2.5838,6.853987,7.727467,5.243268,7.530823
freesliders_all,violin,2.7825,6.833164,7.718443,5.213299,7.530293
freesliders_all,violin,2.9813,6.897055,7.747814,5.235468,7.555777
freesliders_loc,violin,-2.4377,6.605432,7.478555,5.534383,7.235768
freesliders_loc,violin,-2.2752,6.597752,7.481154,5.542245,7.229026
freesliders_loc,violin,-2.1127,6.643986,7.496881,5.51256,7.261667
freesliders_loc,violin,-1.9502,6.593634,7.477763,5.490292,7.232806
freesliders_loc,violin,-1.7876,6.609469,7.482257,5.500178,7.242565
freesliders_loc,violin,-1.6251,6.631215,7.491731,5.512393,7.252887
freesliders_loc,violin,-1.4626,6.608233,7.491996,5.476444,7.267919
freesliders_loc,violin,-1.3001,6.605224,7.481096,5.472701,7.260182
freesliders_loc,violin,-1.1376,6.636169,7.528732,5.474137,7.304137
freesliders_loc,violin,-0.9751,6.69713,7.570282,5.521731,7.351143
freesliders_loc,violin,-0.8126,6.712411,7.572625,5.52398,7.355588
freesliders_loc,violin,-0.6501,6.685761,7.558161,5.493355,7.346572
freesliders_loc,violin,-0.4875,6.720531,7.58317,5.48428,7.382116
freesliders_loc,violin,-0.325,6.740836,7.606965,5.521504,7.401317
freesliders_loc,violin,-0.1625,6.752978,7.616653,5.518872,7.436596
freesliders_loc,violin,0.0,6.750213,7.61775,5.521279,7.444907
freesliders_loc,violin,0.2031,6.732935,7.602138,5.509874,7.419227
freesliders_loc,violin,0.4062,6.71693,7.599956,5.524634,7.407707
freesliders_loc,violin,0.6093,6.731933,7.610251,5.513658,7.407806
freesliders_loc,violin,0.8123,6.734756,7.631922,5.479946,7.425215
freesliders_loc,violin,1.0154,6.733928,7.64131,5.461002,7.440605
freesliders_loc,violin,1.2185,6.73559,7.637577,5.448939,7.428107
freesliders_loc,violin,1.4216,6.754791,7.651424,5.419027,7.45204
freesliders_loc,violin,1.6247,6.78616,7.669403,5.412016,7.47414
freesliders_loc,violin,1.8278,6.792773,7.669127,5.396203,7.468356
freesliders_loc,violin,2.0309,6.854136,7.711465,5.356951,7.518594
freesliders_loc,violin,2.234,6.830552,7.70268,5.319745,7.520448
freesliders_loc,violin,2.437,6.873683,7.717926,5.314291,7.538626
freesliders_loc,violin,2.6401,6.910009,7.750139,5.309942,7.57483
freesliders_loc,violin,2.8432,6.915488,7.747114,5.269298,7.566158
freesliders_loc,violin,3.0463,6.931673,7.75996,5.270661,7.564458
cs_all,violin,-0.2726,6.199285,7.270506,5.546883,7.07529
cs_all,violin,-0.2544,6.281177,7.32938,5.585046,7.127316
cs_all,violin,-0.2363,6.321806,7.357007,5.579176,7.139439
cs_all,violin,-0.2181,6.350445,7.373533,5.573415,7.174446
cs_all,violin,-0.1999,6.39599,7.395994,5.587711,7.192193
cs_all,violin,-0.1817,6.412524,7.395223,5.56467,7.1944
cs_all,violin,-0.1636,6.453235,7.42821,5.591142,7.220133
cs_all,violin,-0.1454,6.493628,7.4447,5.580645,7.239223
cs_all,violin,-0.1272,6.550253,7.47744,5.600398,7.274445
cs_all,violin,-0.109,6.577417,7.483642,5.58195,7.276563
cs_all,violin,-0.0909,6.629281,7.515552,5.570821,7.315254
cs_all,violin,-0.0727,6.644249,7.529357,5.551091,7.331789
cs_all,violin,-0.0545,6.687682,7.549701,5.539855,7.364547
cs_all,violin,-0.0363,6.724607,7.575661,5.535316,7.385435
cs_all,violin,-0.0182,6.742461,7.593779,5.526342,7.400756
cs_all,violin,0.0,6.719814,7.578861,5.493161,7.399618
cs_all,violin,0.0206,6.763773,7.602517,5.500369,7.424518
cs_all,violin,0.0412,6.758187,7.58657,5.472802,7.408943
cs_all,violin,0.0618,6.790017,7.619474,5.451516,7.442933
cs_all,violin,0.0824,6.784347,7.615124,5.415233,7.435141
cs_all,violin,0.103,6.804311,7.634552,5.392202,7.453259
cs_all,violin,0.1236,6.86688,7.674387,5.389279,7.480429
cs_all,violin,0.1442,6.883812,7.686417,5.351002,7.493386
cs_all,violin,0.1647,6.878555,7.677142,5.314475,7.491129
cs_all,violin,0.1853,6.883957,7.682336,5.289779,7.485257
cs_all,violin,0.2059,6.928534,7.710812,5.229464,7.531208
cs_all,violin,0.2265,6.930354,7.711528,5.190298,7.537195
cs_all,violin,0.2471,6.947136,7.707659,5.170352,7.539577
cs_all,violin,0.2677,6.975678,7.724895,5.140923,7.550362
cs_all,violin,0.2883,6.970695,7.701772,5.072287,7.534018
cs_all,violin,0.3089,6.986916,7.71044,5.037819,7.539225
cs_loc,violin,-0.8235,6.778776,7.517626,5.734431,7.253498
cs_loc,violin,-0.7686,6.814615,7.5476,5.737144,7.294639
cs_loc,violin,-0.7137,6.825651,7.558582,5.740614,7.308191
cs_loc,violin,-0.6588,6.836665,7.57982,5.736577,7.326885
cs_loc,violin,-0.6039,6.818301,7.575302,5.733682,7.32053
cs_loc,violin,-0.549,6.781983,7.553614,5.711529,7.299699
cs_loc,violin,-0.4941,6.800372,7.575013,5.687594,7.327292
cs_loc,violin,-0.4392,6.788347,7.577801,5.660115,7.330418
cs_loc,violin,-0.3843,6.753419,7.558509,5.61584,7.323878
cs_loc,violin,-0.3294,6.779589,7.587425,5.605858,7.354414
cs_loc,violin,-0.2745,6.770795,7.572604,5.589674,7.354549
cs_loc,violin,-0.2196,6.753288,7.573872,5.551693,7.363649
cs_loc,violin,-0.1647,6.754851,7.569832,5.540303,7.363974
cs_loc,violin,-0.1098,6.772483,7.599924,5.535843,7.407427
cs_loc,violin,-0.0549,6.770044,7.607825,5.515725,7.419546
cs_loc,violin,0.0,6.719814,7.578861,5.493161,7.399618
cs_loc,violin,0.0614,6.749789,7.595765,5.496911,7.411995
cs_loc,violin,0.1228,6.711275,7.57999,5.481679,7.393491
cs_loc,violin,0.1842,6.720524,7.58141,5.460815,7.403802
cs_loc,violin,0.2455,6.684058,7.582766,5.424985,7.408289
cs_loc,violin,0.3069,6.684555,7.583464,5.402624,7.409516
cs_loc,violin,0.3683,6.697317,7.612257,5.372678,7.441797
cs_loc,violin,0.4297,6.692484,7.618602,5.323861,7.457958
cs_loc,violin,0.4911,6.691893,7.615937,5.286493,7.445899
cs_loc,violin,0.5525,6.697681,7.624573,5.270755,7.461619
cs_loc,violin,0.6139,6.743326,7.672714,5.250828,7.493754
cs_loc,violin,0.6753,6.77523,7.693648,5.244823,7.518427
cs_loc,violin,0.7366,6.763686,7.726973,5.195396,7.562015
cs_loc,violin,0.798,6.788143,7.744991,5.173992,7.589908
cs_loc,violin,0.8594,6.804384,7.749083,5.162148,7.606451
cs_loc,violin,0.9208,6.827559,7.779301,5.123032,7.645316
austeer_all,violin,-22.1202,6.548219,7.422577,5.481042,7.169914
austeer_all,violin,-20.6455,6.536818,7.44017,5.482439,7.192549
austeer_all,violin,-19.1708,6.54467,7.442558,5.487427,7.204787
austeer_all,violin,-17.6962,6.534249,7.431544,5.499671,7.19454
austeer_all,violin,-16.2215,6.555611,7.451542,5.482295,7.220585
austeer_all,violin,-14.7468,6.52243,7.441931,5.480793,7.217664
austeer_all,violin,-13.2721,6.532196,7.444904,5.486053,7.218047
austeer_all,violin,-11.7974,6.523628,7.460447,5.470957,7.23795
austeer_all,violin,-10.3228,6.5307,7.466562,5.465723,7.25367
austeer_all,violin,-8.8481,6.538616,7.465449,5.468955,7.259107
austeer_all,violin,-7.3734,6.584793,7.482875,5.47933,7.281811
austeer_all,violin,-5.8987,6.589163,7.491858,5.490473,7.288214
austeer_all,violin,-4.424,6.637754,7.516613,5.499777,7.335147
austeer_all,violin,-2.9494,6.671978,7.539628,5.491996,7.350425
austeer_all,violin,-1.4747,6.73318,7.589213,5.52386,7.394413
austeer_all,violin,0.0,6.749202,7.59597,5.500024,7.40565
austeer_all,violin,3.3903,6.763073,7.586535,5.482235,7.394393
austeer_all,violin,6.7805,6.769903,7.62021,5.49962,7.415173
austeer_all,violin,10.1708,6.761704,7.640106,5.502507,7.415887
austeer_all,violin,13.5611,6.744959,7.651692,5.465342,7.452495
austeer_all,violin,16.9513,6.699601,7.635262,5.452428,7.426736
austeer_all,violin,20.3416,6.696128,7.637477,5.430398,7.439816
austeer_all,violin,23.7319,6.691168,7.624972,5.425796,7.440606
austeer_all,violin,27.1221,6.629823,7.608459,5.411094,7.405868
austeer_all,violin,30.5124,6.630311,7.61963,5.395439,7.4179
austeer_all,violin,33.9027,6.599597,7.601385,5.382684,7.408473
austeer_all,violin,37.2929,6.594511,7.60285,5.341312,7.409311
austeer_all,violin,40.6832,6.583376,7.600592,5.327654,7.410496
austeer_all,violin,44.0735,6.603739,7.601067,5.316962,7.432167
austeer_all,violin,47.4637,6.590565,7.589695,5.311003,7.410048
austeer_all,violin,50.854,6.58775,7.582522,5.325092,7.41393
austeer_loc,violin,-5.7733,6.483214,7.378898,5.521248,7.118648
austeer_loc,violin,-5.3884,6.49171,7.38047,5.521363,7.13947
austeer_loc,violin,-5.0035,6.531154,7.416793,5.523009,7.165654
austeer_loc,violin,-4.6186,6.527716,7.428146,5.512303,7.174883
austeer_loc,violin,-4.2338,6.564203,7.450597,5.512641,7.211061
austeer_loc,violin,-3.8489,6.559762,7.451511,5.501587,7.207224
austeer_loc,violin,-3.464,6.612321,7.476851,5.497277,7.230173
austeer_loc,violin,-3.0791,6.630497,7.485974,5.501114,7.249981
austeer_loc,violin,-2.6942,6.669677,7.519878,5.503557,7.279222
austeer_loc,violin,-2.3093,6.693774,7.538382,5.514108,7.307626
austeer_loc,violin,-1.9244,6.7397,7.567211,5.540593,7.329646
austeer_loc,violin,-1.5395,6.746562,7.57842,5.561312,7.348587
austeer_loc,violin,-1.1547,6.740647,7.587366,5.543265,7.375731
austeer_loc,violin,-0.7698,6.776283,7.619707,5.540103,7.404171
austeer_loc,violin,-0.3849,6.773094,7.60934,5.529224,7.414052
austeer_loc,violin,0.0,6.750213,7.61775,5.521279,7.444907
austeer_loc,violin,0.4259,6.761256,7.625901,5.512454,7.448327
austeer_loc,violin,0.8518,6.708646,7.592819,5.481259,7.420835
austeer_loc,violin,1.2777,6.709585,7.612894,5.473546,7.444357
austeer_loc,violin,1.7036,6.701461,7.616122,5.462297,7.440444
austeer_loc,violin,2.1295,6.658602,7.583783,5.443898,7.428751
austeer_loc,violin,2.5554,6.650313,7.596008,5.411911,7.444518
austeer_loc,violin,2.9813,6.665346,7.615076,5.407329,7.450703
austeer_loc,violin,3.4072,6.633495,7.621905,5.36379,7.452997
austeer_loc,violin,3.8331,6.592533,7.612431,5.342016,7.440408
austeer_loc,violin,4.259,6.587463,7.617981,5.359344,7.454234
austeer_loc,violin,4.6849,6.597799,7.600628,5.363327,7.445348
austeer_loc,violin,5.1108,6.628104,7.62418,5.355275,7.472897
austeer_loc,violin,5.5367,6.620351,7.621991,5.343872,7.459798
austeer_loc,violin,5.9626,6.607332,7.606654,5.324408,7.454409
austeer_loc,violin,6.3885,6.616403,7.598368,5.315334,7.445867
caa_all,violin,-58.4917,7.018387,7.705541,5.673936,7.586088
caa_all,violin,-54.5923,7.039,7.716876,5.667537,7.593818
caa_all,violin,-50.6928,7.012197,7.705862,5.651899,7.581595
caa_all,violin,-46.7934,7.025562,7.717335,5.650272,7.585137
caa_all,violin,-42.8939,7.029905,7.722764,5.65622,7.594886
caa_all,violin,-38.9945,7.01254,7.720377,5.637654,7.590854
caa_all,violin,-35.095,7.038635,7.726475,5.634574,7.600804
caa_all,violin,-31.1956,7.0155,7.716975,5.597266,7.572793
caa_all,violin,-27.2961,7.008651,7.706037,5.593543,7.565332
caa_all,violin,-23.3967,6.972441,7.683511,5.589535,7.543112
caa_all,violin,-19.4972,6.95825,7.678453,5.57222,7.530668
caa_all,violin,-15.5978,6.931555,7.680428,5.555245,7.521798
caa_all,violin,-11.6983,6.88171,7.668503,5.548234,7.486477
caa_all,violin,-7.7989,6.856379,7.647003,5.537243,7.460224
caa_all,violin,-3.8994,6.805871,7.614063,5.545435,7.435962
caa_all,violin,0.0,6.750213,7.61775,5.521279,7.444907
caa_all,violin,6.3736,6.663234,7.571967,5.493554,7.37125
caa_all,violin,12.7472,6.552124,7.504665,5.441374,7.299127
caa_all,violin,19.1208,6.541509,7.508583,5.374223,7.305033
caa_all,violin,25.4944,6.540733,7.501908,5.382604,7.328491
caa_all,violin,31.868,6.49367,7.464341,5.345536,7.283004
caa_all,violin,38.2416,6.440139,7.437012,5.28166,7.279318
caa_all,violin,44.6152,6.379278,7.427136,5.220268,7.267558
caa_all,violin,50.9889,6.28229,7.400152,5.138427,7.228016
caa_all,violin,57.3625,6.2525,7.377192,5.103569,7.216697
caa_all,violin,63.7361,6.200413,7.375947,5.058022,7.203166
caa_all,violin,70.1097,6.179653,7.366633,5.041181,7.207169
caa_all,violin,76.4833,6.209176,7.385406,5.036456,7.226734
caa_all,violin,82.8569,6.227836,7.389678,5.050439,7.229859
caa_all,violin,89.2305,6.274112,7.42164,5.019577,7.246383
caa_all,violin,95.6041,6.23165,7.399423,4.983641,7.237424
caa_loc,violin,-136.9527,6.754465,7.569825,5.582894,7.346391
caa_loc,violin,-127.8225,6.748274,7.565215,5.603681,7.340666
caa_loc,violin,-118.6923,6.753204,7.568399,5.583508,7.343696
caa_loc,violin,-109.5622,6.757867,7.565649,5.599601,7.352814
caa_loc,violin,-100.432,6.753467,7.566278,5.606814,7.36633
caa_loc,violin,-91.3018,6.718748,7.558096,5.614481,7.346277
caa_loc,violin,-82.1716,6.734064,7.572054,5.589421,7.356053
caa_loc,violin,-73.0414,6.75385,7.583831,5.584589,7.384385
caa_loc,violin,-63.9113,6.760248,7.585241,5.575437,7.391379
caa_loc,violin,-54.7811,6.785134,7.592808,5.591978,7.399854
caa_loc,violin,-45.6509,6.779584,7.586064,5.586233,7.404587
caa_loc,violin,-36.5207,6.747657,7.581256,5.564734,7.384991
caa_loc,violin,-27.3905,6.771899,7.597787,5.552041,7.390775
caa_loc,violin,-18.2604,6.753537,7.599032,5.545421,7.409176
caa_loc,violin,-9.1302,6.755135,7.604052,5.539892,7.41886
caa_loc,violin,0.0,6.750213,7.61775,5.521279,7.444907
caa_loc,violin,10.0038,6.725684,7.596391,5.511323,7.397745
caa_loc,violin,20.0076,6.702589,7.590835,5.485293,7.403752
caa_loc,violin,30.0114,6.685409,7.598765,5.475487,7.398767
caa_loc,violin,40.0152,6.695305,7.60038,5.467924,7.411083
caa_loc,violin,50.019,6.677883,7.60693,5.444668,7.403424
caa_loc,violin,60.0228,6.658856,7.602561,5.415646,7.414102
caa_loc,violin,70.0266,6.653295,7.598413,5.368702,7.41191
caa_loc,violin,80.0305,6.629666,7.596048,5.324923,7.416357
caa_loc,violin,90.0343,6.63829,7.605607,5.306836,7.414761
caa_loc,violin,100.0381,6.620519,7.596118,5.306316,7.401477
caa_loc,violin,110.0419,6.611802,7.611469,5.283143,7.407962
caa_loc,violin,120.0457,6.590857,7.601678,5.245718,7.421934
caa_loc,violin,130.0495,6.629632,7.623282,5.236902,7.454806
caa_loc,violin,140.0533,6.675187,7.636259,5.227324,7.470628
caa_loc,violin,150.0571,6.685421,7.65332,5.195656,7.484016
sae,violin,-13.9809,6.352658,7.298657,5.339479,7.1465
sae,violin,-13.0488,6.374941,7.320717,5.369397,7.153905
sae,violin,-12.1168,6.410146,7.349285,5.374085,7.186282
sae,violin,-11.1847,6.449698,7.385366,5.380712,7.21348
sae,violin,-10.2527,6.447437,7.39353,5.376869,7.214756
sae,violin,-9.3206,6.484551,7.428082,5.41218,7.241002
sae,violin,-8.3885,6.527167,7.445758,5.434123,7.281248
sae,violin,-7.4565,6.595698,7.507359,5.468253,7.326308
sae,violin,-6.5244,6.640663,7.517282,5.483894,7.330102
sae,violin,-5.5924,6.656894,7.521967,5.492146,7.323613
sae,violin,-4.6603,6.697208,7.554022,5.52149,7.36656
sae,violin,-3.7282,6.708793,7.563817,5.519724,7.367488
sae,violin,-2.7962,6.727354,7.578387,5.509653,7.38304
sae,violin,-1.8641,6.72182,7.583401,5.513656,7.401481
sae,violin,-0.9321,6.729425,7.580349,5.515386,7.394752
sae,violin,0.0,6.749477,7.59654,5.504539,7.399148
sae,violin,1.5439,6.737887,7.589262,5.510809,7.403898
sae,violin,3.0879,6.717955,7.57545,5.506448,7.37255
sae,violin,4.6318,6.71968,7.594837,5.48385,7.398392
sae,violin,6.1758,6.71778,7.601489,5.476961,7.39467
sae,violin,7.7197,6.686308,7.600577,5.473244,7.389933
sae,violin,9.2637,6.677209,7.60735,5.447991,7.408445
sae,violin,10.8076,6.609859,7.581326,5.424713,7.36468
sae,violin,12.3516,6.600754,7.593682,5.413113,7.368675
sae,violin,13.8955,6.634895,7.613801,5.416022,7.38525
sae,violin,15.4395,6.629609,7.622518,5.384131,7.383036
sae,violin,16.9834,6.635867,7.618923,5.386554,7.382887
sae,violin,18.5274,6.619103,7.600579,5.376857,7.369081
sae,violin,20.0713,6.634806,7.609746,5.36095,7.38249
sae,violin,21.6153,6.652613,7.634947,5.335399,7.395505
sae,violin,23.1592,6.654944,7.626585,5.327982,7.394571
pci_all,guitar_electronic,-30.0,6.611409,7.472472,5.576909,7.227074
pci_all,guitar_electronic,-28.0,6.709922,7.563058,5.544223,7.315201
pci_all,guitar_electronic,-26.0,6.716334,7.553905,5.593381,7.286093
pci_all,guitar_electronic,-24.0,6.687346,7.527417,5.577751,7.264732
pci_all,guitar_electronic,-22.0,6.623135,7.487422,5.502868,7.236555
pci_all,guitar_electronic,-20.0,6.623908,7.473856,5.510538,7.215929
pci_all,guitar_electronic,-18.0,6.59546,7.46029,5.540126,7.208962
pci_all,guitar_electronic,-16.0,6.61688,7.453587,5.538296,7.206773
pci_all,guitar_electronic,-14.0,6.61008,7.458126,5.524829,7.219289
pci_all,guitar_electronic,-12.0,6.603428,7.470592,5.507348,7.233488
pci_all,guitar_electronic,-10.0,6.592461,7.461704,5.512523,7.228811
pci_all,guitar_electronic,-8.0,6.588888,7.464302,5.514321,7.234531
pci_all,guitar_electronic,-6.0,6.582819,7.466442,5.510867,7.239153
pci_all,guitar_electronic,-4.0,6.582696,7.462948,5.502165,7.23354
pci_all,guitar_electronic,-2.0,6.585754,7.45875,5.511496,7.232561
pci_all,guitar_electronic,0.0,6.582737,7.466608,5.503012,7.230433
pci_all,guitar_electronic,2.0,6.578801,7.463816,5.495815,7.225742
pci_all,guitar_electronic,4.0,6.580475,7.465587,5.500031,7.233891
pci_all,guitar_electronic,6.0,6.599925,7.478481,5.506332,7.241503
pci_all,guitar_electronic,8.0,6.610251,7.481861,5.512353,7.24137
pci_all,guitar_electronic,10.0,6.610457,7.480096,5.507191,7.253885
pci_all,guitar_electronic,12.0,6.629348,7.490662,5.504049,7.260882
pci_all,guitar_electronic,14.0,6.626351,7.47698,5.485684,7.253513
pci_all,guitar_electronic,16.0,6.668028,7.483383,5.492344,7.2719
pci_all,guitar_electronic,18.0,6.729377,7.544002,5.486851,7.319312
pci_all,guitar_electronic,20.0,6.727827,7.548774,5.457108,7.305133
pci_all,guitar_electronic,22.0,6.787536,7.563241,5.469395,7.335934
pci_all,guitar_electronic,24.0,6.867059,7.605038,5.449759,7.387076
pci_all,guitar_electronic,26.0,6.891083,7.593413,5.400242,7.382053
pci_all,guitar_electronic,28.0,6.940837,7.644797,5.29411,7.488086
pci_all,guitar_electronic,30.0,7.062448,7.70079,5.242071,7.582246
pci_loc,guitar_electronic,-30.0,6.68326,7.534346,5.601319,7.269226
pci_loc,guitar_electronic,-28.0,6.704592,7.547949,5.575068,7.297844
pci_loc,guitar_electronic,-26.0,6.698031,7.524639,5.596264,7.278711
pci_loc,guitar_electronic,-24.0,6.60299,7.445977,5.553466,7.206176
pci_loc,guitar_electronic,-22.0,6.595291,7.451486,5.519561,7.203454
pci_loc,guitar_electronic,-20.0,6.60011,7.447985,5.53573,7.209941
pci_loc,guitar_electronic,-18.0,6.599869,7.447627,5.543014,7.212827
pci_loc,guitar_electronic,-16.0,6.605095,7.442165,5.549895,7.214009
pci_loc,guitar_electronic,-14.0,6.572283,7.439807,5.535855,7.220315
pci_loc,guitar_electronic,-12.0,6.600722,7.448661,5.552908,7.22952
pci_loc,guitar_electronic,-10.0,6.610766,7.459227,5.542391,7.249054
pci_loc,guitar_electronic,-8.0,6.597366,7.441164,5.536791,7.243472
pci_loc,guitar_electronic,-6.0,6.581952,7.43032,5.539847,7.234614
pci_loc,guitar_electronic,-4.0,6.570675,7.418225,5.54128,7.218146
pci_loc,guitar_electronic,-2.0,6.56527,7.418673,5.531324,7.228312
pci_loc,guitar_electronic,0.0,6.582737,7.466608,5.503012,7.230433
pci_loc,guitar_electronic,2.0,6.575231,7.427317,5.531417,7.233462
pci_loc,guitar_electronic,4.0,6.580246,7.434941,5.537897,7.230906
pci_loc,guitar_electronic,6.0,6.601177,7.452868,5.533936,7.246265
pci_loc,guitar_electronic,8.0,6.613502,7.468344,5.539401,7.243021
pci_loc,guitar_electronic,10.0,6.61561,7.467474,5.525764,7.247779
pci_loc,guitar_electronic,12.0,6.629018,7.469132,5.526527,7.262816
pci_loc,guitar_electronic,14.0,6.614201,7.459741,5.507138,7.255705
pci_loc,guitar_electronic,16.0,6.675807,7.505001,5.515066,7.295738
pci_loc,guitar_electronic,18.0,6.720056,7.5417,5.493013,7.339757
pci_loc,guitar_electronic,20.0,6.723704,7.526055,5.488771,7.316165
pci_loc,guitar_electronic,22.0,6.781096,7.568959,5.487377,7.370226
pci_loc,guitar_electronic,24.0,6.854958,7.585534,5.481256,7.389524
pci_loc,guitar_electronic,26.0,6.902847,7.610569,5.451962,7.423429
pci_loc,guitar_electronic,28.0,6.915215,7.624418,5.340602,7.487741
pci_loc,guitar_electronic,30.0,7.043438,7.680193,5.282769,7.555277
textemb_all,guitar_electronic,-0.3698,5.758174,6.789548,5.062833,6.69417
textemb_all,guitar_electronic,-0.3451,5.780377,6.815639,5.110353,6.705388
textemb_all,guitar_electronic,-0.3205,5.826223,6.864732,5.104984,6.744183
textemb_all,guitar_electronic,-0.2958,5.877273,6.919306,5.144606,6.795326
textemb_all,guitar_electronic,-0.2712,5.99492,7.023661,5.199012,6.882584
textemb_all,guitar_electronic,-0.2465,6.029949,7.060516,5.217077,6.92194
textemb_all,guitar_electronic,-0.2219,6.11867,7.105041,5.300728,6.924043
textemb_all,guitar_electronic,-0.1972,6.237756,7.168525,5.315947,6.966439
textemb_all,guitar_electronic,-0.1726,6.3835,7.264515,5.397006,7.030324
textemb_all,guitar_electronic,-0.1479,6.529147,7.40111,5.491362,7.143262
textemb_all,guitar_electronic,-0.1233,6.597128,7.478882,5.508342,7.23536
textemb_all,guitar_electronic,-0.0986,6.600775,7.477727,5.498092,7.24648
textemb_all,guitar_electronic,-0.074,6.579935,7.483706,5.510408,7.267225
textemb_all,guitar_electronic,-0.0493,6.58731,7.45143,5.505988,7.23342
textemb_all,guitar_electronic,-0.0247,6.594713,7.456842,5.521005,7.232637
textemb_all,guitar_electronic,0.0,6.582737,7.466608,5.503012,7.230433
textemb_all,guitar_electronic,0.0287,6.572462,7.461999,5.514283,7.213871
textemb_all,guitar_electronic,0.0573,6.587515,7.440058,5.5091,7.208407
textemb_all,guitar_electronic,0.086,6.594303,7.487899,5.518523,7.249798
textemb_all,guitar_electronic,0.1146,6.561695,7.455264,5.520387,7.200688
textemb_all,guitar_electronic,0.1433,6.488122,7.367799,5.499451,7.141711
textemb_all,guitar_electronic,0.1719,6.413257,7.2904,5.458292,7.060291
textemb_all,guitar_electronic,0.2006,6.171024,7.125133,5.414959,6.955546
textemb_all,guitar_electronic,0.2292,6.051099,6.991045,5.296549,6.87162
textemb_all,guitar_electronic,0.2579,5.943757,6.924064,5.241572,6.837138
textemb_all,guitar_electronic,0.2865,5.865684,6.882581,5.16591,6.794446
textemb_all,guitar_electronic,0.3152,5.764634,6.807651,5.126173,6.744989
textemb_all,guitar_electronic,0.3438,5.668426,6.729052,5.092929,6.690412
textemb_all,guitar_electronic,0.3725,5.610263,6.678475,4.993308,6.644169
textemb_all,guitar_electronic,0.4011,5.538665,6.652864,4.92677,6.642215
textemb_all,guitar_electronic,0.4298,5.400282,6.586223,4.836036,6.578952
textemb_loc,guitar_electronic,-0.5109,6.544269,7.376528,5.641022,7.226728
textemb_loc,guitar_electronic,-0.4768,6.553308,7.38615,5.607061,7.227078
textemb_loc,guitar_electronic,-0.4428,6.537248,7.412212,5.606715,7.256381
textemb_loc,guitar_electronic,-0.4087,6.533593,7.407071,5.575536,7.24565
textemb_loc,guitar_electronic,-0.3747,6.536989,7.410859,5.572366,7.261864
textemb_loc,guitar_electronic,-0.3406,6.489701,7.370105,5.542739,7.231027
textemb_loc,guitar_electronic,-0.3065,6.478931,7.404483,5.510193,7.240165
textemb_loc,guitar_electronic,-0.2725,6.466247,7.381173,5.502847,7.212916
textemb_loc,guitar_electronic,-0.2384,6.520711,7.417411,5.499995,7.222376
textemb_loc,guitar_electronic,-0.2044,6.561184,7.449127,5.514354,7.251162
textemb_loc,guitar_electronic,-0.1703,6.538461,7.440015,5.483709,7.238973
textemb_loc,guitar_electronic,-0.1362,6.584521,7.466846,5.517756,7.251432
textemb_loc,guitar_electronic,-0.1022,6.586084,7.462828,5.48776,7.258571
textemb_loc,guitar_electronic,-0.0681,6.581685,7.448676,5.511326,7.250217
textemb_loc,guitar_electronic,-0.0341,6.564244,7.426223,5.533926,7.229262
textemb_loc,guitar_electronic,0.0,6.582737,7.466608,5.503012,7.230433
textemb_loc,guitar_electronic,0.0483,6.572778,7.437902,5.522052,7.23476
textemb_loc,guitar_electronic,0.0966,6.637401,7.485639,5.494052,7.282473
textemb_loc,guitar_electronic,0.1449,6.58251,7.441244,5.517705,7.242927
textemb_loc,guitar_electronic,0.1931,6.579075,7.425853,5.522101,7.236807
textemb_loc,guitar_electronic,0.2414,6.592636,7.443472,5.554349,7.254171
textemb_loc,guitar_electronic,0.2897,6.523695,7.385226,5.599557,7.241702
textemb_loc,guitar_electronic,0.338,6.481146,7.350966,5.586145,7.226582
textemb_loc,guitar_electronic,0.3863,6.406049,7.286431,5.595496,7.164643
textemb_loc,guitar_electronic,0.4346,6.376236,7.277989,5.565436,7.149293
textemb_loc,guitar_electronic,0.4829,6.357675,7.282955,5.5697,7.117133
textemb_loc,guitar_electronic,0.5312,6.342079,7.25673,5.606512,7.096798
textemb_loc,guitar_electronic,0.5794,6.33267,7.263683,5.565027,7.113853
textemb_loc,guitar_electronic,0.6277,6.408387,7.294317,5.576569,7.153583
textemb_loc,guitar_electronic,0.676,6.326474,7.212853,5.599519,7.095199
textemb_loc,guitar_electronic,0.7243,6.333155,7.2269,5.665701,7.132182
tokemb_all,guitar_electronic,-3.7005,6.702584,7.44172,5.712525,7.146293
tokemb_all,guitar_electronic,-3.4538,6.772943,7.542723,5.652277,7.238193
tokemb_all,guitar_electronic,-3.2071,6.775456,7.563971,5.584261,7.277951
tokemb_all,guitar_electronic,-2.9604,6.739189,7.553879,5.555619,7.27444
tokemb_all,guitar_electronic,-2.7137,6.704019,7.530578,5.56632,7.251122
tokemb_all,guitar_electronic,-2.467,6.68024,7.51023,5.541799,7.250565
tokemb_all,guitar_electronic,-2.2203,6.649197,7.475452,5.546892,7.213988
tokemb_all,guitar_electronic,-1.9736,6.610142,7.453137,5.501213,7.213652
tokemb_all,guitar_electronic,-1.7269,6.592485,7.436763,5.52556,7.190683
tokemb_all,guitar_electronic,-1.4802,6.586387,7.452092,5.511011,7.205097
tokemb_all,guitar_electronic,-1.2335,6.571068,7.446549,5.514909,7.203379
tokemb_all,guitar_electronic,-0.9868,6.580903,7.446883,5.521787,7.215183
tokemb_all,guitar_electronic,-0.7401,6.593626,7.456915,5.511526,7.223463
tokemb_all,guitar_electronic,-0.4934,6.599143,7.470093,5.514337,7.239106
tokemb_all,guitar_electronic,-0.2467,6.586095,7.459547,5.506487,7.223553
tokemb_all,guitar_electronic,0.0,6.582737,7.466608,5.503012,7.230433
tokemb_all,guitar_electronic,0.3074,6.60398,7.480424,5.527909,7.241225
tokemb_all,guitar_electronic,0.6147,6.585656,7.464964,5.505164,7.248743
tokemb_all,guitar_electronic,0.9221,6.581758,7.481661,5.49422,7.258471
tokemb_all,guitar_electronic,1.2294,6.518598,7.414156,5.435372,7.231166
tokemb_all,guitar_electronic,1.5368,6.52722,7.426484,5.455228,7.221815
tokemb_all,guitar_electronic,1.8442,6.634029,7.5027,5.498245,7.284083
tokemb_all,guitar_electronic,2.1515,6.635423,7.502736,5.476431,7.296331
tokemb_all,guitar_electronic,2.4589,6.695905,7.549442,5.490292,7.364345
tokemb_all,guitar_electronic,2.7662,6.7108,7.573677,5.474038,7.375354
tokemb_all,guitar_electronic,3.0736,6.728154,7.592691,5.437865,7.399319
tokemb_all,guitar_electronic,3.381,6.770356,7.600302,5.41916,7.444214
tokemb_all,guitar_electronic,3.6883,6.836262,7.664789,5.41274,7.535482
tokemb_all,guitar_electronic,3.9957,6.918943,7.728301,5.450677,7.571254
tokemb_all,guitar_electronic,4.303,6.986717,7.774324,5.499326,7.635472
tokemb_all,guitar_electronic,4.6104,7.037281,7.817594,5.462076,7.706381
tokemb_loc,guitar_electronic,-3.9511,6.913952,7.622163,5.649032,7.357769
tokemb_loc,guitar_electronic,-3.6877,6.874363,7.620984,5.641503,7.352873
tokemb_loc,guitar_electronic,-3.4243,6.812799,7.591994,5.613479,7.328497
tokemb_loc,guitar_electronic,-3.1609,6.790204,7.576395,5.612994,7.322152
tokemb_loc,guitar_electronic,-2.8975,6.727316,7.540378,5.611349,7.281899
tokemb_loc,guitar_electronic,-2.6341,6.665627,7.495035,5.591691,7.255211
tokemb_loc,guitar_electronic,-2.3707,6.622071,7.474608,5.572581,7.220027
tokemb_loc,guitar_electronic,-2.1073,6.57247,7.444071,5.565039,7.202343
tokemb_loc,guitar_electronic,-1.8438,6.566007,7.444069,5.564216,7.212961
tokemb_loc,guitar_electronic,-1.5804,6.565623,7.439616,5.557668,7.201934
tokemb_loc,guitar_electronic,-1.317,6.585804,7.442852,5.554781,7.219276
tokemb_loc,guitar_electronic,-1.0536,6.583005,7.440313,5.539993,7.221133
tokemb_loc,guitar_electronic,-0.7902,6.59619,7.439342,5.539234,7.218905
tokemb_loc,guitar_electronic,-0.5268,6.583252,7.438733,5.537044,7.219301
tokemb_loc,guitar_electronic,-0.2634,6.587387,7.432167,5.534577,7.225352
tokemb_loc,guitar_electronic,0.0,6.582737,7.466608,5.503012,7.230433
tokemb_loc,guitar_electronic,0.3443,6.565675,7.420629,5.52364,7.224371
tokemb_loc,guitar_electronic,0.6887,6.531304,7.388108,5.497506,7.216566
tokemb_loc,guitar_electronic,1.033,6.536567,7.41325,5.482369,7.233782
tokemb_loc,guitar_electronic,1.3774,6.532735,7.412523,5.473369,7.23937
tokemb_loc,guitar_electronic,1.7217,6.539781,7.420064,5.472277,7.236243
tokemb_loc,guitar_electronic,2.0661,6.607427,7.465512,5.484289,7.287488
tokemb_loc,guitar_electronic,2.4104,6.618843,7.474067,5.459716,7.300426
tokemb_loc,guitar_electronic,2.7548,6.673522,7.51802,5.474554,7.353778
tokemb_loc,guitar_electronic,3.0991,6.701753,7.546447,5.46969,7.381153
tokemb_loc,guitar_electronic,3.4435,6.735832,7.585475,5.469066,7.432611
tokemb_loc,guitar_electronic,3.7878,6.793857,7.612498,5.467397,7.480065
tokemb_loc,guitar_electronic,4.1322,6.84031,7.67093,5.450111,7.566035
tokemb_loc,guitar_electronic,4.4765,6.821653,7.665126,5.426019,7.580129
tokemb_loc,guitar_electronic,4.8209,6.888042,7.725889,5.50865,7.630032
tokemb_loc,guitar_electronic,5.1652,6.947197,7.797166,5.523849,7.679802
freesliders_all,guitar_electronic,-2.4087,6.245708,7.267529,5.590001,6.975308
freesliders_all,guitar_electronic,-2.2481,6.283036,7.313152,5.586277,7.03406
freesliders_all,guitar_electronic,-2.0875,6.287152,7.293571,5.574022,7.02761
freesliders_all,guitar_electronic,-1.927,6.329673,7.35403,5.603129,7.052691
freesliders_all,guitar_electronic,-1.7664,6.292409,7.328667,5.566529,7.048846
freesliders_all,guitar_electronic,-1.6058,6.37087,7.345456,5.577653,7.094017
freesliders_all,guitar_electronic,-1.4452,6.343634,7.342118,5.572158,7.074296
freesliders_all,guitar_electronic,-1.2846,6.353845,7.341735,5.55059,7.07897
freesliders_all,guitar_electronic,-1.1241,6.358674,7.329363,5.524155,7.08539
freesliders_all,guitar_electronic,-0.9635,6.431928,7.381345,5.548752,7.123013
freesliders_all,guitar_electronic,-0.8029,6.421222,7.364272,5.522267,7.107029
freesliders_all,guitar_electronic,-0.6423,6.482231,7.408863,5.521896,7.13936
freesliders_all,guitar_electronic,-0.4817,6.503358,7.403528,5.506428,7.152346
freesliders_all,guitar_electronic,-0.3212,6.550679,7.419684,5.528471,7.178909
freesliders_all,guitar_electronic,-0.1606,6.59147,7.458562,5.554765,7.220501
freesliders_all,guitar_electronic,0.0,6.582737,7.466608,5.503012,7.230433
freesliders_all,guitar_electronic,0.1746,6.609793,7.473456,5.489666,7.243768
freesliders_all,guitar_electronic,0.3491,6.631692,7.505866,5.460419,7.282558
freesliders_all,guitar_electronic,0.5237,6.633902,7.512293,5.406068,7.292461
freesliders_all,guitar_electronic,0.6983,6.663617,7.520879,5.40192,7.315666
freesliders_all,guitar_electronic,0.8729,6.702461,7.54018,5.36224,7.351614
freesliders_all,guitar_electronic,1.0474,6.704625,7.539811,5.354862,7.352376
freesliders_all,guitar_electronic,1.222,6.741299,7.55823,5.333923,7.367951
freesliders_all,guitar_electronic,1.3966,6.777744,7.584605,5.327115,7.392408
freesliders_all,guitar_electronic,1.5712,6.782858,7.569962,5.269034,7.395052
freesliders_all,guitar_electronic,1.7457,6.789387,7.568798,5.226114,7.394901
freesliders_all,guitar_electronic,1.9203,6.828453,7.561427,5.205772,7.397056
freesliders_all,guitar_electronic,2.0949,6.849659,7.581688,5.204703,7.410606
freesliders_all,guitar_electronic,2.2695,6.906057,7.590921,5.175298,7.410997
freesliders_all,guitar_electronic,2.444,6.984304,7.669783,5.170259,7.493318
freesliders_all,guitar_electronic,2.6186,7.005698,7.66922,5.152429,7.488053
freesliders_loc,guitar_electronic,-2.5397,6.290199,7.29533,5.65433,7.009376
freesliders_loc,guitar_electronic,-2.3704,6.293476,7.292759,5.626554,7.013242
freesliders_loc,guitar_electronic,-2.2011,6.282443,7.298229,5.610371,7.009217
freesliders_loc,guitar_electronic,-2.0318,6.307967,7.310628,5.612315,7.027775
freesliders_loc,guitar_electronic,-1.8624,6.271204,7.298245,5.590534,7.003014
freesliders_loc,guitar_electronic,-1.6931,6.301708,7.318773,5.579858,7.029782
freesliders_loc,guitar_electronic,-1.5238,6.317705,7.333782,5.572551,7.051349
freesliders_loc,guitar_electronic,-1.3545,6.334493,7.319055,5.543537,7.061046
freesliders_loc,guitar_electronic,-1.1852,6.358653,7.33239,5.542899,7.078291
freesliders_loc,guitar_electronic,-1.0159,6.37791,7.35775,5.508801,7.109062
freesliders_loc,guitar_electronic,-0.8466,6.436339,7.363147,5.508095,7.131671
freesliders_loc,guitar_electronic,-0.6773,6.464516,7.399515,5.522058,7.13817
freesliders_loc,guitar_electronic,-0.5079,6.485871,7.401189,5.525567,7.149017
freesliders_loc,guitar_electronic,-0.3386,6.56031,7.4426,5.544583,7.181392
freesliders_loc,guitar_electronic,-0.1693,6.576582,7.444435,5.534591,7.203786
freesliders_loc,guitar_electronic,0.0,6.582737,7.466608,5.503012,7.230433
freesliders_loc,guitar_electronic,0.1874,6.626128,7.4885,5.506703,7.263479
freesliders_loc,guitar_electronic,0.3749,6.641685,7.507801,5.443528,7.288818
freesliders_loc,guitar_electronic,0.5623,6.652401,7.511944,5.422291,7.302184
freesliders_loc,guitar_electronic,0.7498,6.676927,7.517395,5.390819,7.330175
freesliders_loc,guitar_electronic,0.9372,6.718887,7.540137,5.374753,7.347652
freesliders_loc,guitar_electronic,1.1247,6.734791,7.552065,5.355389,7.371255
freesliders_loc,guitar_electronic,1.3121,6.772248,7.583985,5.347555,7.399267
freesliders_loc,guitar_electronic,1.4996,6.794085,7.587811,5.308166,7.408376
freesliders_loc,guitar_electronic,1.687,6.795709,7.560642,5.227751,7.397767
freesliders_loc,guitar_electronic,1.8745,6.842506,7.570813,5.186766,7.401374
freesliders_loc,guitar_electronic,2.0619,6.836839,7.560996,5.183047,7.391223
freesliders_loc,guitar_electronic,2.2494,6.869612,7.583618,5.1594,7.405865
freesliders_loc,guitar_electronic,2.4368,6.930414,7.60646,5.138872,7.454806
freesliders_loc,guitar_electronic,2.6243,6.992383,7.677737,5.15141,7.515854
freesliders_loc,guitar_electronic,2.8117,7.038575,7.692188,5.117139,7.529953
cs_all,guitar_electronic,-0.1205,5.634776,6.920434,5.517043,6.728912
cs_all,guitar_electronic,-0.1125,5.679576,6.937329,5.528362,6.749809
cs_all,guitar_electronic,-0.1044,5.727071,6.955699,5.516051,6.779363
cs_all,guitar_electronic,-0.0964,5.795228,6.988793,5.533755,6.810223
cs_all,guitar_electronic,-0.0884,5.836558,7.033439,5.52845,6.827584
cs_all,guitar_electronic,-0.0803,5.93121,7.082017,5.53184,6.892116
cs_all,guitar_electronic,-0.0723,5.979861,7.098409,5.518389,6.907754
cs_all,guitar_electronic,-0.0643,6.082501,7.192159,5.559526,6.978993
cs_all,guitar_electronic,-0.0562,6.142208,7.212103,5.536227,7.004013
cs_all,guitar_electronic,-0.0482,6.192039,7.25403,5.529515,7.046454
cs_all,guitar_electronic,-0.0402,6.255835,7.283391,5.522358,7.075853
cs_all,guitar_electronic,-0.0321,6.333316,7.324222,5.545889,7.101901
cs_all,guitar_electronic,-0.0241,6.392089,7.363149,5.552511,7.125918
cs_all,guitar_electronic,-0.0161,6.469091,7.389663,5.546604,7.153933
cs_all,guitar_electronic,-0.008,6.519402,7.428797,5.513899,7.177704
cs_all,guitar_electronic,0.0,6.528515,7.406033,5.497173,7.178792
cs_all,guitar_electronic,0.0071,6.571268,7.445444,5.470282,7.197453
cs_all,guitar_electronic,0.0141,6.636336,7.472805,5.467489,7.252915
cs_all,guitar_electronic,0.0212,6.681778,7.504994,5.434195,7.288566
cs_all,guitar_electronic,0.0283,6.736985,7.518584,5.415284,7.301368
cs_all,guitar_electronic,0.0354,6.804326,7.549232,5.406558,7.344909
cs_all,guitar_electronic,0.0424,6.854449,7.563164,5.37319,7.372738
cs_all,guitar_electronic,0.0495,6.888667,7.595478,5.337023,7.398895
cs_all,guitar_electronic,0.0566,6.951577,7.617555,5.321841,7.430945
cs_all,guitar_electronic,0.0637,6.94454,7.605183,5.279003,7.43035
cs_all,guitar_electronic,0.0707,7.009048,7.638219,5.239051,7.455599
cs_all,guitar_electronic,0.0778,7.052812,7.659186,5.217632,7.487788
cs_all,guitar_electronic,0.0849,7.07366,7.637892,5.174399,7.476976
cs_all,guitar_electronic,0.092,7.138882,7.68413,5.155788,7.515999
cs_all,guitar_electronic,0.099,7.185193,7.705464,5.113529,7.538493
cs_all,guitar_electronic,0.1061,7.235853,7.725223,5.068724,7.564013
cs_loc,guitar_electronic,-0.3013,5.841044,7.05052,5.538535,6.816618
cs_loc,guitar_electronic,-0.2812,5.906352,7.094352,5.552712,6.845243
cs_loc,guitar_electronic,-0.2611,5.951386,7.10885,5.545256,6.875878
cs_loc,guitar_electronic,-0.241,5.988187,7.116975,5.521031,6.886056
cs_loc,guitar_electronic,-0.221,6.037404,7.160654,5.526338,6.934362
cs_loc,guitar_electronic,-0.2009,6.075372,7.17557,5.495849,6.938589
cs_loc,guitar_electronic,-0.1808,6.131558,7.215358,5.515792,6.96669
cs_loc,guitar_electronic,-0.1607,6.1725,7.224475,5.524673,7.004454
cs_loc,guitar_electronic,-0.1406,6.206239,7.261243,5.540904,7.016672
cs_loc,guitar_electronic,-0.1205,6.253758,7.292849,5.517433,7.066266
cs_loc,guitar_electronic,-0.1004,6.299134,7.307152,5.480666,7.086238
cs_loc,guitar_electronic,-0.0803,6.338419,7.342171,5.501765,7.120356
cs_loc,guitar_electronic,-0.0603,6.398399,7.367124,5.515573,7.141437
cs_loc,guitar_electronic,-0.0402,6.44488,7.381218,5.51714,7.154091
cs_loc,guitar_electronic,-0.0201,6.514383,7.402344,5.515936,7.166379
cs_loc,guitar_electronic,0.0,6.528515,7.406033,5.497173,7.178792
cs_loc,guitar_electronic,0.015,6.574691,7.447461,5.479685,7.223385
cs_loc,guitar_electronic,0.0301,6.613028,7.45958,5.445403,7.244054
cs_loc,guitar_electronic,0.0451,6.666458,7.50219,5.439561,7.292627
cs_loc,guitar_electronic,0.0601,6.685534,7.495448,5.404121,7.302736
cs_loc,guitar_electronic,0.0751,6.74762,7.535001,5.405627,7.33428
cs_loc,guitar_electronic,0.0902,6.787202,7.558183,5.389831,7.360172
cs_loc,guitar_electronic,0.1052,6.796963,7.525102,5.368838,7.352319
cs_loc,guitar_electronic,0.1202,6.863934,7.564604,5.351464,7.4072
cs_loc,guitar_electronic,0.1352,6.881416,7.564859,5.300653,7.421268
cs_loc,guitar_electronic,0.1503,6.933021,7.59705,5.311177,7.428858
cs_loc,guitar_electronic,0.1653,6.977945,7.641825,5.270165,7.494497
cs_loc,guitar_electronic,0.1803,7.005822,7.655788,5.233857,7.519302
cs_loc,guitar_electronic,0.1953,7.044181,7.68196,5.19949,7.549262
cs_loc,guitar_electronic,0.2104,7.145005,7.731128,5.203816,7.624082
cs_loc,guitar_electronic,0.2254,7.155174,7.729967,5.153074,7.634609
austeer_all,guitar_electronic,-4.8158,6.600723,7.375983,5.739006,7.05489
austeer_all,guitar_electronic,-4.4947,6.584369,7.390314,5.73917,7.050642
austeer_all,guitar_electronic,-4.1737,6.578577,7.380469,5.721782,7.065851
austeer_all,guitar_electronic,-3.8526,6.57675,7.386876,5.710584,7.070285
austeer_all,guitar_electronic,-3.5316,6.587196,7.400415,5.703144,7.088253
austeer_all,guitar_electronic,-3.2105,6.64426,7.448429,5.717709,7.120505
austeer_all,guitar_electronic,-2.8895,6.62847,7.442835,5.691374,7.137915
austeer_all,guitar_electronic,-2.5684,6.604185,7.429934,5.671591,7.134969
austeer_all,guitar_electronic,-2.2474,6.668743,7.488961,5.686087,7.186703
austeer_all,guitar_electronic,-1.9263,6.628397,7.466185,5.671582,7.177428
austeer_all,guitar_electronic,-1.6053,6.623809,7.456357,5.641654,7.182889
austeer_all,guitar_electronic,-1.2842,6.633593,7.486767,5.627933,7.214058
austeer_all,guitar_electronic,-0.9632,6.599764,7.449245,5.59951,7.182688
austeer_all,guitar_electronic,-0.6421,6.587928,7.442506,5.555706,7.18853
austeer_all,guitar_electronic,-0.3211,6.597623,7.469568,5.553014,7.222995
austeer_all,guitar_electronic,0.0,6.582737,7.466608,5.503012,7.230433
austeer_all,guitar_electronic,0.316,6.563817,7.426147,5.476737,7.207584
austeer_all,guitar_electronic,0.632,6.517299,7.403243,5.392778,7.216899
austeer_all,guitar_electronic,0.948,6.50436,7.419598,5.362553,7.24164
austeer_all,guitar_electronic,1.264,6.492173,7.39724,5.329834,7.239837
austeer_all,guitar_electronic,1.58,6.477324,7.358047,5.295401,7.225914
austeer_all,guitar_electronic,1.896,6.459471,7.339088,5.247363,7.205584
austeer_all,guitar_electronic,2.212,6.454929,7.339833,5.234286,7.203734
austeer_all,guitar_electronic,2.5281,6.429141,7.299178,5.204091,7.170174
austeer_all,guitar_electronic,2.8441,6.402687,7.298044,5.161794,7.167796
austeer_all,guitar_electronic,3.1601,6.428199,7.32978,5.15143,7.19978
austeer_all,guitar_electronic,3.4761,6.425719,7.329763,5.137228,7.208759
austeer_all,guitar_electronic,3.7921,6.436171,7.330399,5.11743,7.220018
austeer_all,guitar_electronic,4.1081,6.457276,7.338612,5.073865,7.236367
austeer_all,guitar_electronic,4.4241,6.461619,7.34784,5.051939,7.230506
austeer_all,guitar_electronic,4.7401,6.504261,7.357115,5.050887,7.243183
austeer_loc,guitar_electronic,-2.0569,6.232051,7.21003,5.729776,6.852055
austeer_loc,guitar_electronic,-1.9198,6.283039,7.258711,5.729915,6.901143
austeer_loc,guitar_electronic,-1.7826,6.287683,7.274438,5.711362,6.917225
austeer_loc,guitar_electronic,-1.6455,6.315719,7.283557,5.714012,6.93175
austeer_loc,guitar_electronic,-1.5084,6.338307,7.319344,5.683773,6.963943
austeer_loc,guitar_electronic,-1.3713,6.337624,7.327084,5.663997,6.985927
austeer_loc,guitar_electronic,-1.2341,6.347932,7.306156,5.670164,7.009954
austeer_loc,guitar_electronic,-1.097,6.362472,7.316677,5.630982,7.030549
austeer_loc,guitar_electronic,-0.9599,6.388229,7.323917,5.643317,7.023726
austeer_loc,guitar_electronic,-0.8228,6.414682,7.33884,5.597887,7.079985
austeer_loc,guitar_electronic,-0.6856,6.436059,7.341079,5.596196,7.075066
austeer_loc,guitar_electronic,-0.5485,6.473544,7.390248,5.597307,7.113143
austeer_loc,guitar_electronic,-0.4114,6.512883,7.414675,5.57784,7.134777
austeer_loc,guitar_electronic,-0.2743,6.526602,7.413835,5.557379,7.147558
austeer_loc,guitar_electronic,-0.1371,6.55457,7.434734,5.532905,7.186458
austeer_loc,guitar_electronic,0.0,6.545035,7.431582,5.494926,7.194184
austeer_loc,guitar_electronic,0.1466,6.558272,7.433786,5.451381,7.209645
austeer_loc,guitar_electronic,0.2933,6.580417,7.43959,5.425006,7.240461
austeer_loc,guitar_electronic,0.4399,6.604701,7.458095,5.388298,7.278428
austeer_loc,guitar_electronic,0.5866,6.615768,7.479196,5.373479,7.306722
austeer_loc,guitar_electronic,0.7332,6.63132,7.476251,5.333716,7.314597
austeer_loc,guitar_electronic,0.8799,6.643863,7.480228,5.303883,7.326798
austeer_loc,guitar_electronic,1.0265,6.663284,7.47661,5.281468,7.331381
austeer_loc,guitar_electronic,1.1732,6.654616,7.453671,5.249694,7.317328
austeer_loc,guitar_electronic,1.3198,6.670661,7.476572,5.229345,7.31504
austeer_loc,guitar_electronic,1.4665,6.691949,7.496088,5.185445,7.339266
austeer_loc,guitar_electronic,1.6131,6.690345,7.471182,5.146604,7.333252
austeer_loc,guitar_electronic,1.7598,6.695676,7.485149,5.131647,7.342615
austeer_loc,guitar_electronic,1.9064,6.737391,7.502206,5.11407,7.374666
austeer_loc,guitar_electronic,2.0531,6.753738,7.505311,5.109022,7.378182
austeer_loc,guitar_electronic,2.1997,6.792665,7.533396,5.077132,7.39774
caa_all,guitar_electronic,-37.3507,6.515621,7.404234,5.735879,7.119786
caa_all,guitar_electronic,-34.8607,6.545827,7.412364,5.719643,7.154627
caa_all,guitar_electronic,-32.3706,6.572782,7.434634,5.712279,7.182188
caa_all,guitar_electronic,-29.8806,6.579067,7.438294,5.721504,7.201159
caa_all,guitar_electronic,-27.3905,6.588429,7.437962,5.711019,7.2025
caa_all,guitar_electronic,-24.9005,6.584549,7.440291,5.677974,7.225627
caa_all,guitar_electronic,-22.4104,6.540608,7.42671,5.668462,7.200685
caa_all,guitar_electronic,-19.9204,6.569341,7.45162,5.674037,7.226143
caa_all,guitar_electronic,-17.4303,6.576898,7.45375,5.643738,7.230647
caa_all,guitar_electronic,-14.9403,6.596629,7.497425,5.644068,7.250508
caa_all,guitar_electronic,-12.4502,6.614088,7.509991,5.637814,7.277114
caa_all,guitar_electronic,-9.9602,6.556967,7.47044,5.601457,7.216209
caa_all,guitar_electronic,-7.4701,6.553031,7.478365,5.587413,7.231559
caa_all,guitar_electronic,-4.9801,6.607114,7.469184,5.571394,7.229602
caa_all,guitar_electronic,-2.49,6.578204,7.458998,5.530915,7.225277
caa_all,guitar_electronic,0.0,6.582737,7.466608,5.503012,7.230433
caa_all,guitar_electronic,3.0324,6.613722,7.470501,5.480471,7.235611
caa_all,guitar_electronic,6.0649,6.564518,7.428323,5.416213,7.213379
caa_all,guitar_electronic,9.0973,6.580666,7.41861,5.371762,7.241274
caa_all,guitar_electronic,12.1298,6.586606,7.414645,5.335514,7.230221
caa_all,guitar_electronic,15.1622,6.618345,7.425848,5.297297,7.2421
caa_all,guitar_electronic,18.1946,6.603566,7.407628,5.251919,7.238887
caa_all,guitar_electronic,21.2271,6.652291,7.435481,5.222455,7.253181
caa_all,guitar_electronic,24.2595,6.660487,7.455229,5.172716,7.279165
caa_all,guitar_electronic,27.292,6.664288,7.456249,5.147946,7.268124
caa_all,guitar_electronic,30.3244,6.693319,7.483904,5.137728,7.287189
caa_all,guitar_electronic,33.3568,6.676113,7.490589,5.086087,7.28303
caa_all,guitar_electronic,36.3893,6.688298,7.483117,5.073098,7.295756
caa_all,guitar_electronic,39.4217,6.726005,7.482432,5.032117,7.315051
caa_all,guitar_electronic,42.4542,6.748562,7.493551,5.005771,7.324962
caa_all,guitar_electronic,45.4866,6.74544,7.498423,4.945569,7.355406
caa_loc,guitar_electronic,-76.7974,6.297287,7.263949,5.67571,6.931071
caa_loc,guitar_electronic,-71.6776,6.312506,7.267877,5.679281,6.937917
caa_loc,guitar_electronic,-66.5577,6.276049,7.232709,5.655046,6.936944
caa_loc,guitar_electronic,-61.4379,6.325772,7.271355,5.66556,6.97802
caa_loc,guitar_electronic,-56.3181,6.357237,7.292578,5.658328,6.997996
caa_loc,guitar_electronic,-51.1983,6.391988,7.333671,5.66682,7.043476
caa_loc,guitar_electronic,-46.0784,6.414309,7.346311,5.653842,7.052861
caa_loc,guitar_electronic,-40.9586,6.425096,7.349284,5.639428,7.070146
caa_loc,guitar_electronic,-35.8388,6.441355,7.358163,5.633845,7.064863
caa_loc,guitar_electronic,-30.719,6.483225,7.379159,5.626177,7.116637
caa_loc,guitar_electronic,-25.5991,6.483851,7.372091,5.58965,7.127967
caa_loc,guitar_electronic,-20.4793,6.499336,7.376285,5.587999,7.132607
caa_loc,guitar_electronic,-15.3595,6.513488,7.396822,5.565409,7.155907
caa_loc,guitar_electronic,-10.2397,6.527328,7.413758,5.540964,7.163153
caa_loc,guitar_electronic,-5.1198,6.569309,7.443935,5.538105,7.191917
caa_loc,guitar_electronic,0.0,6.582737,7.466608,5.503012,7.230433
caa_loc,guitar_electronic,5.2518,6.616626,7.473968,5.490871,7.241823
caa_loc,guitar_electronic,10.5035,6.646108,7.513742,5.444955,7.295197
caa_loc,guitar_electronic,15.7553,6.630765,7.499936,5.416348,7.301834
caa_loc,guitar_electronic,21.0071,6.616819,7.488416,5.376053,7.296151
caa_loc,guitar_electronic,26.2589,6.626335,7.490407,5.342936,7.298052
caa_loc,guitar_electronic,31.5106,6.674754,7.516396,5.322262,7.331696
caa_loc,guitar_electronic,36.7624,6.686502,7.521912,5.298175,7.328869
caa_loc,guitar_electronic,42.0142,6.722137,7.538137,5.252831,7.360397
caa_loc,guitar_electronic,47.266,6.769175,7.567421,5.248164,7.381247
caa_loc,guitar_electronic,52.5177,6.805932,7.591242,5.223256,7.412887
caa_loc,guitar_electronic,57.7695,6.818834,7.594928,5.192822,7.416689
caa_loc,guitar_electronic,63.0213,6.807412,7.546902,5.123632,7.404847
caa_loc,guitar_electronic,68.2731,6.845936,7.572739,5.076839,7.428042
caa_loc,guitar_electronic,73.5248,6.86099,7.581173,5.062576,7.458559
caa_loc,guitar_electronic,78.7766,6.894293,7.593413,5.028117,7.46843
sae,guitar_electronic,-15.8909,5.823043,6.984146,5.421563,6.76997
sae,guitar_electronic,-14.8315,5.849626,7.013608,5.424536,6.790384
sae,guitar_electronic,-13.7721,5.859095,6.993009,5.414231,6.779193
sae,guitar_electronic,-12.7127,5.940167,7.084761,5.459264,6.826128
sae,guitar_electronic,-11.6533,6.016257,7.129698,5.493566,6.858392
sae,guitar_electronic,-10.5939,6.079786,7.186371,5.507519,6.928767
sae,guitar_electronic,-9.5345,6.096333,7.198039,5.502005,6.940389
sae,guitar_electronic,-8.4751,6.152396,7.222859,5.513278,6.97252
sae,guitar_electronic,-7.4158,6.195879,7.255746,5.539943,6.998058
sae,guitar_electronic,-6.3564,6.294309,7.302802,5.526507,7.039894
sae,guitar_electronic,-5.297,6.286364,7.305736,5.514788,7.046713
sae,guitar_electronic,-4.2376,6.323895,7.306139,5.508526,7.054904
sae,guitar_electronic,-3.1782,6.392055,7.351421,5.489673,7.115754
sae,guitar_electronic,-2.1188,6.453271,7.38323,5.497156,7.136237
sae,guitar_electronic,-1.0594,6.496617,7.393479,5.496457,7.147346
sae,guitar_electronic,0.0,6.53462,7.423938,5.491882,7.181045
sae,guitar_electronic,0.776,6.592888,7.457014,5.489802,7.221511
sae,guitar_electronic,1.552,6.60573,7.46331,5.467425,7.238434
sae,guitar_electronic,2.328,6.66605,7.524488,5.441647,7.301255
sae,guitar_electronic,3.104,6.65757,7.502111,5.403762,7.305269
sae,guitar_electronic,3.88,6.701811,7.513404,5.391484,7.334871
sae,guitar_electronic,4.656,6.744616,7.553817,5.368858,7.369277
sae,guitar_electronic,5.432,6.78963,7.555622,5.350213,7.385377
sae,guitar_electronic,6.208,6.777479,7.539162,5.298894,7.358758
sae,guitar_electronic,6.984,6.801031,7.527423,5.291687,7.358247
sae,guitar_electronic,7.76,6.862193,7.565663,5.288526,7.392199
sae,guitar_electronic,8.536,6.901462,7.588905,5.256649,7.408521
sae,guitar_electronic,9.312,6.941869,7.604902,5.252486,7.438926
sae,guitar_electronic,10.088,6.964747,7.615902,5.226882,7.444271
sae,guitar_electronic,10.864,6.978533,7.638673,5.205284,7.471717
sae,guitar_electronic,11.64,6.989534,7.652968,5.20482,7.49359
pci_all,rock_genre,-30.0,6.02506,7.048635,5.615211,6.685364
pci_all,rock_genre,-28.0,6.33463,7.292971,5.591665,6.973908
pci_all,rock_genre,-26.0,6.415227,7.319929,5.51953,7.053469
pci_all,rock_genre,-24.0,6.556288,7.420374,5.54386,7.156684
pci_all,rock_genre,-22.0,6.656314,7.493644,5.541364,7.243244
pci_all,rock_genre,-20.0,6.734872,7.543718,5.492654,7.333623
pci_all,rock_genre,-18.0,6.74084,7.565599,5.465077,7.368454
pci_all,rock_genre,-16.0,6.738082,7.562605,5.456775,7.36487
pci_all,rock_genre,-14.0,6.770368,7.592567,5.456752,7.385974
pci_all,rock_genre,-12.0,6.773532,7.597548,5.447205,7.396591
pci_all,rock_genre,-10.0,6.784885,7.599683,5.447683,7.409772
pci_all,rock_genre,-8.0,6.774516,7.606236,5.448642,7.410254
pci_all,rock_genre,-6.0,6.781446,7.606149,5.450941,7.41843
pci_all,rock_genre,-4.0,6.778786,7.613405,5.438612,7.427257
pci_all,rock_genre,-2.0,6.7779,7.61148,5.44726,7.426641
pci_all,rock_genre,0.0,6.787309,7.615281,5.445285,7.431516
pci_all,rock_genre,2.0,6.782845,7.612503,5.442802,7.426035
pci_all,rock_genre,4.0,6.792383,7.611418,5.44376,7.42794
pci_all,rock_genre,6.0,6.809398,7.60923,5.454479,7.42669
pci_all,rock_genre,8.0,6.836991,7.620696,5.461685,7.42695
pci_all,rock_genre,10.0,6.855384,7.627505,5.46494,7.427894
pci_all,rock_genre,12.0,6.922532,7.67943,5.455386,7.460079
pci_all,rock_genre,14.0,6.960428,7.703999,5.424649,7.469943
pci_all,rock_genre,16.0,7.044489,7.727792,5.415855,7.50096
pci_all,rock_genre,18.0,7.092165,7.742579,5.411,7.513498
pci_all,rock_genre,20.0,7.129984,7.776547,5.398913,7.528768
pci_all,rock_genre,22.0,7.187984,7.794199,5.398727,7.541451
pci_all,rock_genre,24.0,7.286039,7.862785,5.401795,7.580047
pci_all,rock_genre,26.0,7.3787,7.901505,5.38555,7.637468
pci_all,rock_genre,28.0,7.511129,7.957835,5.410569,7.664644
pci_all,rock_genre,30.0,7.560671,7.995344,5.378104,7.69601
pci_loc,rock_genre,-30.0,5.927535,6.969581,5.616528,6.627931
pci_loc,rock_genre,-28.0,6.228428,7.186484,5.560516,6.899847
pci_loc,rock_genre,-26.0,6.366969,7.26166,5.510603,6.99174
pci_loc,rock_genre,-24.0,6.522438,7.358811,5.527065,7.112977
pci_loc,rock_genre,-22.0,6.613604,7.444884,5.519652,7.222962
pci_loc,rock_genre,-20.0,6.678896,7.50194,5.503192,7.290851
pci_loc,rock_genre,-18.0,6.70501,7.52425,5.489052,7.315387
pci_loc,rock_genre,-16.0,6.69459,7.525979,5.460515,7.342313
pci_loc,rock_genre,-14.0,6.70864,7.551647,5.454782,7.357351
pci_loc,rock_genre,-12.0,6.739696,7.555766,5.444797,7.373628
pci_loc,rock_genre,-10.0,6.737905,7.569314,5.433025,7.380255
pci_loc,rock_genre,-8.0,6.734583,7.56922,5.425853,7.385496
pci_loc,rock_genre,-6.0,6.743442,7.580814,5.424714,7.403309
pci_loc,rock_genre,-4.0,6.751312,7.579141,5.41225,7.407025
pci_loc,rock_genre,-2.0,6.763976,7.587033,5.420065,7.416239
pci_loc,rock_genre,0.0,6.787309,7.615281,5.445285,7.431516
pci_loc,rock_genre,2.0,6.752078,7.584394,5.415352,7.404766
pci_loc,rock_genre,4.0,6.760949,7.584596,5.422799,7.403239
pci_loc,rock_genre,6.0,6.792617,7.60438,5.42381,7.424419
pci_loc,rock_genre,8.0,6.792334,7.59437,5.443899,7.406162
pci_loc,rock_genre,10.0,6.811123,7.603953,5.455413,7.406327
pci_loc,rock_genre,12.0,6.884971,7.630889,5.460514,7.418675
pci_loc,rock_genre,14.0,6.933058,7.646969,5.43909,7.434781
pci_loc,rock_genre,16.0,6.979505,7.669028,5.419939,7.444846
pci_loc,rock_genre,18.0,7.052386,7.72447,5.42583,7.48869
pci_loc,rock_genre,20.0,7.100209,7.746082,5.409344,7.495214
pci_loc,rock_genre,22.0,7.173995,7.79629,5.421477,7.522562
pci_loc,rock_genre,24.0,7.244609,7.829728,5.396942,7.546903
pci_loc,rock_genre,26.0,7.351276,7.896999,5.39919,7.615452
pci_loc,rock_genre,28.0,7.490763,7.94914,5.42521,7.67322
pci_loc,rock_genre,30.0,7.555754,7.993221,5.404685,7.70088
textemb_all,rock_genre,-0.6542,5.469637,6.723816,5.026901,6.615825
textemb_all,rock_genre,-0.6106,5.528053,6.738693,5.016881,6.622762
textemb_all,rock_genre,-0.567,5.569383,6.767489,5.012076,6.671025
textemb_all,rock_genre,-0.5234,5.573984,6.77879,5.003083,6.691955
textemb_all,rock_genre,-0.4797,5.565939,6.775864,5.007794,6.688071
textemb_all,rock_genre,-0.4361,5.624688,6.826009,5.036917,6.735119
textemb_all,rock_genre,-0.3925,5.673484,6.842665,5.07178,6.757296
textemb_all,rock_genre,-0.3489,5.780123,6.896681,5.124265,6.801239
textemb_all,rock_genre,-0.3053,5.9291,6.947203,5.179391,6.826181
textemb_all,rock_genre,-0.2617,6.123742,7.099114,5.208208,6.95327
textemb_all,rock_genre,-0.2181,6.249286,7.183361,5.290688,7.029642
textemb_all,rock_genre,-0.1745,6.438854,7.322291,5.394179,7.140879
textemb_all,rock_genre,-0.1308,6.606585,7.466109,5.375769,7.287419
textemb_all,rock_genre,-0.0872,6.835415,7.634109,5.423662,7.444237
textemb_all,rock_genre,-0.0436,6.78613,7.620558,5.400466,7.421194
textemb_all,rock_genre,0.0,6.787309,7.615281,5.445285,7.431516
textemb_all,rock_genre,0.0339,6.889893,7.677808,5.449792,7.494963
textemb_all,rock_genre,0.0679,6.884053,7.682755,5.445703,7.496103
textemb_all,rock_genre,0.1018,6.861871,7.652389,5.4058,7.463005
textemb_all,rock_genre,0.1357,6.749379,7.512004,5.360822,7.365184
textemb_all,rock_genre,0.1696,6.541147,7.365923,5.285197,7.283711
textemb_all,rock_genre,0.2036,6.38925,7.260728,5.130581,7.191814
textemb_all,rock_genre,0.2375,6.309417,7.191472,5.05773,7.16506
textemb_all,rock_genre,0.2714,6.260104,7.153848,5.020764,7.118066
textemb_all,rock_genre,0.3053,6.214082,7.120844,4.977378,7.083387
textemb_all,rock_genre,0.3393,6.125704,7.031716,4.963736,6.998003
textemb_all,rock_genre,0.3732,6.061185,7.016169,4.944693,6.985956
textemb_all,rock_genre,0.4071,5.987218,6.954991,4.893945,6.917768
textemb_all,rock_genre,0.441,5.930915,6.922528,4.891093,6.895192
textemb_all,rock_genre,0.475,5.868518,6.893205,4.845418,6.851335
textemb_all,rock_genre,0.5089,5.808358,6.880349,4.804461,6.825018
textemb_loc,rock_genre,-0.8134,6.051659,7.077825,5.779365,6.84806
textemb_loc,rock_genre,-0.7592,6.112321,7.111743,5.774234,6.905979
textemb_loc,rock_genre,-0.7049,6.157742,7.129013,5.764707,6.948674
textemb_loc,rock_genre,-0.6507,6.226802,7.206475,5.737357,7.009223
textemb_loc,rock_genre,-0.5965,6.308338,7.254653,5.70827,7.067514
textemb_loc,rock_genre,-0.5423,6.345858,7.262547,5.683599,7.104061
textemb_loc,rock_genre,-0.488,6.401772,7.288038,5.659361,7.142556
textemb_loc,rock_genre,-0.4338,6.401083,7.282396,5.630998,7.147678
textemb_loc,rock_genre,-0.3796,6.480736,7.355255,5.618704,7.187849
textemb_loc,rock_genre,-0.3254,6.545851,7.418117,5.528251,7.252395
textemb_loc,rock_genre,-0.2711,6.555743,7.424953,5.525099,7.263117
textemb_loc,rock_genre,-0.2169,6.6735,7.510757,5.469122,7.324667
textemb_loc,rock_genre,-0.1627,6.710339,7.529147,5.429016,7.319936
textemb_loc,rock_genre,-0.1085,6.775197,7.596533,5.441053,7.363496
textemb_loc,rock_genre,-0.0542,6.767365,7.594359,5.421667,7.393612
textemb_loc,rock_genre,0.0,6.787309,7.615281,5.445285,7.431516
textemb_loc,rock_genre,0.0543,6.806114,7.592136,5.43086,7.432305
textemb_loc,rock_genre,0.1085,6.868294,7.638341,5.442436,7.436347
textemb_loc,rock_genre,0.1628,6.747525,7.531048,5.372601,7.398014
textemb_loc,rock_genre,0.217,6.676102,7.478545,5.32136,7.343227
textemb_loc,rock_genre,0.2713,6.701845,7.511765,5.363045,7.391568
textemb_loc,rock_genre,0.3255,6.655891,7.4398,5.359743,7.350469
textemb_loc,rock_genre,0.3798,6.664735,7.403695,5.398861,7.318697
textemb_loc,rock_genre,0.434,6.699301,7.407393,5.390909,7.324494
textemb_loc,rock_genre,0.4883,6.732356,7.44397,5.427574,7.379024
textemb_loc,rock_genre,0.5425,6.721077,7.433831,5.471322,7.39008
textemb_loc,rock_genre,0.5968,6.722385,7.435447,5.456966,7.408783
textemb_loc,rock_genre,0.651,6.677905,7.405076,5.471096,7.363875
textemb_loc,rock_genre,0.7053,6.6448,7.363797,5.490006,7.339602
textemb_loc,rock_genre,0.7595,6.597309,7.364529,5.484085,7.316591
textemb_loc,rock_genre,0.8138,6.631456,7.379404,5.493476,7.321814
tokemb_all,rock_genre,-2.8463,5.34601,6.603668,5.085384,6.64533
tokemb_all,rock_genre,-2.6565,5.850315,6.976193,5.220624,6.903012
tokemb_all,rock_genre,-2.4668,6.155273,7.195513,5.260245,7.110803
tokemb_all,rock_genre,-2.277,6.358895,7.37969,5.303388,7.280692
tokemb_all,rock_genre,-2.0873,6.457745,7.416677,5.312193,7.329065
tokemb_all,rock_genre,-1.8975,6.460495,7.401895,5.293777,7.310613
tokemb_all,rock_genre,-1.7078,6.469218,7.417078,5.323841,7.316062
tokemb_all,rock_genre,-1.518,6.514309,7.404865,5.303944,7.297263
tokemb_all,rock_genre,-1.3283,6.579253,7.452214,5.377306,7.310702
tokemb_all,rock_genre,-1.1385,6.565227,7.442996,5.356072,7.278319
tokemb_all,rock_genre,-0.9488,6.563529,7.445757,5.351238,7.272113
tokemb_all,rock_genre,-0.759,6.560154,7.447532,5.396092,7.239301
tokemb_all,rock_genre,-0.5693,6.63861,7.502912,5.415589,7.308852
tokemb_all,rock_genre,-0.3795,6.776243,7.59647,5.418713,7.410013
tokemb_all,rock_genre,-0.1898,6.79214,7.609714,5.447266,7.441357
tokemb_all,rock_genre,0.0,6.787309,7.615281,5.445285,7.431516
tokemb_all,rock_genre,0.4876,6.776667,7.579376,5.439415,7.412895
tokemb_all,rock_genre,0.9752,6.815134,7.628372,5.472129,7.444262
tokemb_all,rock_genre,1.4628,6.773198,7.58441,5.472768,7.404942
tokemb_all,rock_genre,1.9504,6.76738,7.56448,5.485051,7.390656
tokemb_all,rock_genre,2.438,6.716636,7.53255,5.46913,7.374086
tokemb_all,rock_genre,2.9256,6.644279,7.475937,5.444756,7.308278
tokemb_all,rock_genre,3.4132,6.591932,7.429364,5.475537,7.284665
tokemb_all,rock_genre,3.9007,6.553589,7.375641,5.479543,7.243919
tokemb_all,rock_genre,4.3883,6.484081,7.301668,5.469734,7.197596
tokemb_all,rock_genre,4.8759,6.409463,7.2368,5.4533,7.121081
tokemb_all,rock_genre,5.3635,6.314428,7.167433,5.440584,7.087786
tokemb_all,rock_genre,5.8511,6.29485,7.115507,5.482046,7.074937
tokemb_all,rock_genre,6.3387,6.207111,7.044599,5.48511,7.018158
tokemb_all,rock_genre,6.8263,6.14243,6.992839,5.452188,6.986385
tokemb_all,rock_genre,7.3139,6.109372,6.981782,5.46029,6.994824
tokemb_loc,rock_genre,-3.3661,6.977943,7.675236,5.656051,7.572884
tokemb_loc,rock_genre,-3.1417,6.962847,7.722877,5.640664,7.577491
tokemb_loc,rock_genre,-2.9173,6.948487,7.69352,5.618672,7.521825
tokemb_loc,rock_genre,-2.6929,6.982905,7.693336,5.624472,7.515638
tokemb_loc,rock_genre,-2.4685,6.939511,7.680225,5.603862,7.510178
tokemb_loc,rock_genre,-2.2441,6.957834,7.690847,5.585411,7.533035
tokemb_loc,rock_genre,-2.0197,6.922633,7.656748,5.559998,7.489949
tokemb_loc,rock_genre,-1.7953,6.870796,7.646237,5.553745,7.49397
tokemb_loc,rock_genre,-1.5708,6.850315,7.624239,5.508837,7.463503
tokemb_loc,rock_genre,-1.3464,6.825162,7.58527,5.485616,7.433211
tokemb_loc,rock_genre,-1.122,6.764274,7.568539,5.457053,7.384319
tokemb_loc,rock_genre,-0.8976,6.711084,7.5533,5.396889,7.387556
tokemb_loc,rock_genre,-0.6732,6.759821,7.599577,5.412428,7.41636
tokemb_loc,rock_genre,-0.4488,6.744251,7.577955,5.426043,7.390687
tokemb_loc,rock_genre,-0.2244,6.743621,7.575664,5.421877,7.38604
tokemb_loc,rock_genre,0.0,6.787309,7.615281,5.445285,7.431516
tokemb_loc,rock_genre,0.4823,6.76588,7.593526,5.431686,7.416868
tokemb_loc,rock_genre,0.9645,6.766606,7.556799,5.459388,7.386404
tokemb_loc,rock_genre,1.4468,6.711262,7.512488,5.4543,7.341727
tokemb_loc,rock_genre,1.929,6.766951,7.549286,5.506221,7.377753
tokemb_loc,rock_genre,2.4113,6.72707,7.512917,5.524772,7.337052
tokemb_loc,rock_genre,2.8936,6.699976,7.465029,5.519134,7.291774
tokemb_loc,rock_genre,3.3758,6.583831,7.420295,5.533644,7.237958
tokemb_loc,rock_genre,3.8581,6.485236,7.317462,5.538093,7.184983
tokemb_loc,rock_genre,4.3403,6.431816,7.278159,5.540052,7.123518
tokemb_loc,rock_genre,4.8226,6.413046,7.248092,5.563148,7.114355
tokemb_loc,rock_genre,5.3049,6.356064,7.190789,5.549363,7.073844
tokemb_loc,rock_genre,5.7871,6.328683,7.138604,5.583376,7.041944
tokemb_loc,rock_genre,6.2694,6.212042,7.046424,5.573324,6.977166
tokemb_loc,rock_genre,6.7516,6.228941,7.032681,5.571171,6.98794
tokemb_loc,rock_genre,7.2339,6.151297,7.004989,5.536087,6.97184
freesliders_all,rock_genre,-1.9875,5.971669,7.047802,5.632994,6.813719
freesliders_all,rock_genre,-1.855,5.953184,7.03852,5.592743,6.81656
freesliders_all,rock_genre,-1.7225,6.072812,7.136021,5.622363,6.889415
freesliders_all,rock_genre,-1.59,6.100489,7.161063,5.598893,6.923614
freesliders_all,rock_genre,-1.4575,6.134896,7.170675,5.620545,6.94244
freesliders_all,rock_genre,-1.325,6.193619,7.224414,5.601432,6.987521
freesliders_all,rock_genre,-1.1925,6.257487,7.244428,5.604402,7.012091
freesliders_all,rock_genre,-1.06,6.306258,7.27808,5.579101,7.050457
freesliders_all,rock_genre,-0.9275,6.334128,7.301393,5.564925,7.07982
freesliders_all,rock_genre,-0.795,6.365331,7.330627,5.526761,7.120179
freesliders_all,rock_genre,-0.6625,6.499136,7.425193,5.554676,7.20266
freesliders_all,rock_genre,-0.53,6.569437,7.47295,5.531258,7.248053
freesliders_all,rock_genre,-0.3975,6.587767,7.488689,5.455323,7.286374
freesliders_all,rock_genre,-0.265,6.634296,7.505322,5.414746,7.308104
freesliders_all,rock_genre,-0.1325,6.702681,7.53304,5.41522,7.364489
freesliders_all,rock_genre,0.0,6.787309,7.615281,5.445285,7.431516
freesliders_all,rock_genre,0.1321,6.846187,7.647587,5.404011,7.464933
freesliders_all,rock_genre,0.2643,6.890623,7.68273,5.396159,7.472676
freesliders_all,rock_genre,0.3964,6.936951,7.714392,5.381004,7.502384
freesliders_all,rock_genre,0.5286,6.972235,7.718229,5.363112,7.508213
freesliders_all,rock_genre,0.6607,7.020693,7.720514,5.321472,7.509808
freesliders_all,rock_genre,0.7928,7.027312,7.718491,5.301424,7.494019
freesliders_all,rock_genre,0.925,7.05617,7.704007,5.257711,7.496
freesliders_all,rock_genre,1.0571,7.106762,7.732188,5.252231,7.514233
freesliders_all,rock_genre,1.1893,7.157795,7.74877,5.223816,7.521111
freesliders_all,rock_genre,1.3214,7.231594,7.830578,5.213382,7.571349
freesliders_all,rock_genre,1.4535,7.257038,7.823353,5.187876,7.576125
freesliders_all,rock_genre,1.5857,7.270197,7.82461,5.147808,7.561631
freesliders_all,rock_genre,1.7178,7.261991,7.824446,5.108873,7.565765
freesliders_all,rock_genre,1.85,7.286343,7.85836,5.094097,7.587621
freesliders_all,rock_genre,1.9821,7.27132,7.827705,5.086124,7.539518
freesliders_loc,rock_genre,-2.0673,5.981656,7.025276,5.638255,6.807657
freesliders_loc,rock_genre,-1.9295,6.035344,7.068093,5.65727,6.83406
freesliders_loc,rock_genre,-1.7917,6.048385,7.076129,5.62403,6.850637
freesliders_loc,rock_genre,-1.6538,6.066355,7.106606,5.61718,6.890127
freesliders_loc,rock_genre,-1.516,6.167165,7.167466,5.624202,6.945406
freesliders_loc,rock_genre,-1.3782,6.198277,7.203754,5.605545,6.976908
freesliders_loc,rock_genre,-1.2404,6.252961,7.2311,5.60045,7.000533
freesliders_loc,rock_genre,-1.1026,6.32064,7.262556,5.589546,7.043324
freesliders_loc,rock_genre,-0.9647,6.400673,7.33748,5.600023,7.108919
freesliders_loc,rock_genre,-0.8269,6.390035,7.348236,5.527831,7.136934
freesliders_loc,rock_genre,-0.6891,6.487101,7.407556,5.543984,7.197839
freesliders_loc,rock_genre,-0.5513,6.524854,7.445739,5.482036,7.237471
freesliders_loc,rock_genre,-0.4135,6.578631,7.483653,5.473504,7.287034
freesliders_loc,rock_genre,-0.2756,6.667003,7.53412,5.463503,7.323355
freesliders_loc,rock_genre,-0.1378,6.697944,7.542509,5.423681,7.357357
freesliders_loc,rock_genre,0.0,6.787309,7.615281,5.445285,7.431516
freesliders_loc,rock_genre,0.1407,6.822064,7.62516,5.397977,7.450594
freesliders_loc,rock_genre,0.2813,6.909883,7.691759,5.387701,7.503124
freesliders_loc,rock_genre,0.422,6.937128,7.721621,5.363231,7.50423
freesliders_loc,rock_genre,0.5627,6.968702,7.720061,5.356119,7.505113
freesliders_loc,rock_genre,0.7033,7.005928,7.718217,5.325581,7.506587
freesliders_loc,rock_genre,0.844,7.020134,7.704801,5.269477,7.50465
freesliders_loc,rock_genre,0.9847,7.062345,7.709512,5.273086,7.500854
freesliders_loc,rock_genre,1.1253,7.105542,7.736865,5.245053,7.519061
freesliders_loc,rock_genre,1.266,7.150774,7.764458,5.203401,7.532037
freesliders_loc,rock_genre,1.4067,7.20056,7.815477,5.200658,7.546114
freesliders_loc,rock_genre,1.5473,7.221891,7.808279,5.183665,7.542003
freesliders_loc,rock_genre,1.688,7.235619,7.820981,5.140343,7.566061
freesliders_loc,rock_genre,1.8287,7.269764,7.848871,5.147515,7.572985
freesliders_loc,rock_genre,1.9693,7.24026,7.812794,5.098913,7.5281
freesliders_loc,rock_genre,2.11,7.232912,7.810795,5.060418,7.517066
cs_all,rock_genre,-0.1401,4.723407,6.402346,4.759414,6.518553
cs_all,rock_genre,-0.1308,4.856733,6.49887,4.845007,6.570152
cs_all,rock_genre,-0.1214,4.973133,6.558063,4.907952,6.613495
cs_all,rock_genre,-0.1121,5.090335,6.631598,4.974451,6.640496
cs_all,rock_genre,-0.1027,5.290515,6.752409,5.10378,6.706468
cs_all,rock_genre,-0.0934,5.424421,6.815412,5.143023,6.747378
cs_all,rock_genre,-0.0841,5.580408,6.902563,5.211166,6.798588
cs_all,rock_genre,-0.0747,5.730558,7.012639,5.237209,6.877209
cs_all,rock_genre,-0.0654,5.887117,7.109872,5.28896,6.941338
cs_all,rock_genre,-0.056,6.016317,7.200425,5.34991,7.014199
cs_all,rock_genre,-0.0467,6.144538,7.253877,5.380573,7.077489
cs_all,rock_genre,-0.0374,6.301085,7.336516,5.378446,7.15474
cs_all,rock_genre,-0.028,6.432811,7.420064,5.387718,7.227171
cs_all,rock_genre,-0.0187,6.586546,7.482301,5.39603,7.309473
cs_all,rock_genre,-0.0093,6.66995,7.530906,5.381317,7.348299
cs_all,rock_genre,0.0,6.761388,7.589628,5.382251,7.404803
cs_all,rock_genre,0.0076,6.846595,7.616509,5.385798,7.431466
cs_all,rock_genre,0.0152,6.889874,7.653431,5.370949,7.471599
cs_all,rock_genre,0.0227,7.006323,7.684867,5.411963,7.509151
cs_all,rock_genre,0.0303,7.105625,7.757618,5.415048,7.57044
cs_all,rock_genre,0.0379,7.183576,7.815108,5.387528,7.627112
cs_all,rock_genre,0.0455,7.248095,7.850059,5.35916,7.661711
cs_all,rock_genre,0.0531,7.305114,7.863798,5.342821,7.675637
cs_all,rock_genre,0.0606,7.412546,7.91572,5.322844,7.730069
cs_all,rock_genre,0.0682,7.45947,7.952163,5.276956,7.756248
cs_all,rock_genre,0.0758,7.50466,7.943197,5.239462,7.727543
cs_all,rock_genre,0.0834,7.556069,7.961786,5.232392,7.750126
cs_all,rock_genre,0.091,7.587106,7.97325,5.203203,7.759604
cs_all,rock_genre,0.0985,7.622544,7.976082,5.162102,7.740199
cs_all,rock_genre,0.1061,7.687181,8.009494,5.15154,7.758072
cs_all,rock_genre,0.1137,7.707773,8.005973,5.113639,7.733496
cs_loc,rock_genre,-0.2605,5.394191,6.800117,5.264513,6.661831
cs_loc,rock_genre,-0.2431,5.474295,6.873696,5.275122,6.717159
cs_loc,rock_genre,-0.2258,5.53767,6.871739,5.284402,6.745507
cs_loc,rock_genre,-0.2084,5.589282,6.901171,5.288467,6.792161
cs_loc,rock_genre,-0.191,5.717444,6.985978,5.345681,6.859807
cs_loc,rock_genre,-0.1737,5.816473,7.048666,5.359938,6.887509
cs_loc,rock_genre,-0.1563,5.898512,7.119486,5.359145,6.932439
cs_loc,rock_genre,-0.1389,6.024807,7.18144,5.375205,6.981733
cs_loc,rock_genre,-0.1216,6.156058,7.245003,5.41121,7.044607
cs_loc,rock_genre,-0.1042,6.279776,7.324096,5.437088,7.114205
cs_loc,rock_genre,-0.0868,6.336563,7.356133,5.433389,7.14565
cs_loc,rock_genre,-0.0695,6.428229,7.405745,5.409904,7.218311
cs_loc,rock_genre,-0.0521,6.525793,7.447633,5.385331,7.25902
cs_loc,rock_genre,-0.0347,6.610785,7.497939,5.385649,7.309198
cs_loc,rock_genre,-0.0174,6.687839,7.532501,5.393186,7.340673
cs_loc,rock_genre,0.0,6.761388,7.589628,5.382251,7.404803
cs_loc,rock_genre,0.0265,6.862296,7.639979,5.419217,7.449738
cs_loc,rock_genre,0.0529,6.951452,7.678548,5.423068,7.489765
cs_loc,rock_genre,0.0794,7.060212,7.736177,5.421922,7.558763
cs_loc,rock_genre,0.1059,7.142653,7.796448,5.414396,7.604933
cs_loc,rock_genre,0.1323,7.194992,7.826167,5.404073,7.628541
cs_loc,rock_genre,0.1588,7.217767,7.810208,5.37745,7.602189
cs_loc,rock_genre,0.1853,7.251276,7.808115,5.372155,7.603182
cs_loc,rock_genre,0.2117,7.316859,7.831944,5.343043,7.620723
cs_loc,rock_genre,0.2382,7.351619,7.833406,5.324719,7.598122
cs_loc,rock_genre,0.2647,7.382732,7.852705,5.308029,7.610957
cs_loc,rock_genre,0.2911,7.392709,7.84163,5.299525,7.578406
cs_loc,rock_genre,0.3176,7.418668,7.830968,5.291898,7.532944
cs_loc,rock_genre,0.3441,7.432501,7.8096,5.293446,7.499295
cs_loc,rock_genre,0.3705,7.448011,7.805676,5.281811,7.456008
cs_loc,rock_genre,0.397,7.461458,7.776504,5.25398,7.412728
austeer_all,rock_genre,-4.1805,5.746502,6.895967,5.560695,6.594304
austeer_all,rock_genre,-3.9018,5.765712,6.904653,5.52186,6.608521
austeer_all,rock_genre,-3.6231,5.835888,6.95929,5.525001,6.685959
austeer_all,rock_genre,-3.3444,5.918808,7.018256,5.521935,6.749637
austeer_all,rock_genre,-3.0657,5.901761,7.025758,5.488017,6.750908
austeer_all,rock_genre,-2.787,6.0223,7.114478,5.485649,6.850878
austeer_all,rock_genre,-2.5083,6.120672,7.169713,5.496452,6.911858
austeer_all,rock_genre,-2.2296,6.178873,7.216923,5.494696,6.943283
austeer_all,rock_genre,-1.9509,6.26702,7.259773,5.490885,7.009845
austeer_all,rock_genre,-1.6722,6.313635,7.307389,5.480845,7.07519
austeer_all,rock_genre,-1.3935,6.383511,7.347016,5.447465,7.124971
austeer_all,rock_genre,-1.1148,6.431941,7.376085,5.40195,7.16065
austeer_all,rock_genre,-0.8361,6.55659,7.450696,5.433327,7.256265
austeer_all,rock_genre,-0.5574,6.637937,7.489611,5.431218,7.304182
austeer_all,rock_genre,-0.2787,6.742174,7.569044,5.4312,7.385832
austeer_all,rock_genre,0.0,6.787309,7.615281,5.445285,7.431516
austeer_all,rock_genre,0.4087,6.82408,7.616099,5.376277,7.448499
austeer_all,rock_genre,0.8175,6.875312,7.651387,5.34972,7.467271
austeer_all,rock_genre,1.2262,6.960592,7.698703,5.36447,7.502197
austeer_all,rock_genre,1.635,7.005259,7.673673,5.329729,7.483546
austeer_all,rock_genre,2.0437,7.088303,7.706305,5.302249,7.505928
austeer_all,rock_genre,2.4524,7.128336,7.710514,5.288812,7.497449
austeer_all,rock_genre,2.8612,7.159184,7.715056,5.281902,7.485146
austeer_all,rock_genre,3.2699,7.17877,7.727203,5.268238,7.488165
austeer_all,rock_genre,3.6787,7.192817,7.738346,5.250648,7.488859
austeer_all,rock_genre,4.0874,7.241296,7.751442,5.24984,7.506373
austeer_all,rock_genre,4.4961,7.259402,7.752342,5.252753,7.483723
austeer_all,rock_genre,4.9049,7.249849,7.754276,5.229611,7.471282
austeer_all,rock_genre,5.3136,7.259015,7.762497,5.250621,7.464707
austeer_all,rock_genre,5.7224,7.312262,7.772968,5.240063,7.457258
austeer_all,rock_genre,6.1311,7.323523,7.762699,5.236016,7.447708
austeer_loc,rock_genre,-2.7757,5.879869,7.03036,5.618908,6.765915
austeer_loc,rock_genre,-2.5907,5.960654,7.073445,5.644534,6.80106
austeer_loc,rock_genre,-2.4056,5.95829,7.093805,5.60776,6.838528
austeer_loc,rock_genre,-2.2206,6.03352,7.163878,5.609479,6.902924
austeer_loc,rock_genre,-2.0355,6.112501,7.219258,5.626932,6.939657
austeer_loc,rock_genre,-1.8505,6.170718,7.253635,5.627185,6.997042
austeer_loc,rock_genre,-1.6654,6.245498,7.305062,5.622631,7.0701
austeer_loc,rock_genre,-1.4804,6.299644,7.335726,5.598162,7.112537
austeer_loc,rock_genre,-1.2953,6.328667,7.362961,5.565459,7.154734
austeer_loc,rock_genre,-1.1103,6.336599,7.362937,5.507627,7.17334
austeer_loc,rock_genre,-0.9252,6.431761,7.410983,5.507062,7.219735
austeer_loc,rock_genre,-0.7402,6.486003,7.430131,5.457479,7.254101
austeer_loc,rock_genre,-0.5551,6.578135,7.497691,5.455215,7.316849
austeer_loc,rock_genre,-0.3701,6.645704,7.521972,5.446499,7.330106
austeer_loc,rock_genre,-0.185,6.701574,7.538151,5.415449,7.355939
austeer_loc,rock_genre,0.0,6.757402,7.591703,5.389435,7.397935
austeer_loc,rock_genre,0.2253,6.828412,7.625789,5.367596,7.44774
austeer_loc,rock_genre,0.4506,6.946968,7.694842,5.398444,7.517691
austeer_loc,rock_genre,0.6759,6.988326,7.715545,5.347907,7.528613
austeer_loc,rock_genre,0.9011,7.093743,7.752068,5.347033,7.565085
austeer_loc,rock_genre,1.1264,7.168808,7.768218,5.322941,7.576165
austeer_loc,rock_genre,1.3517,7.2519,7.816774,5.327871,7.624364
austeer_loc,rock_genre,1.577,7.29187,7.832686,5.316699,7.623692
austeer_loc,rock_genre,1.8023,7.3136,7.826613,5.2956,7.611259
austeer_loc,rock_genre,2.0276,7.338073,7.828391,5.290351,7.60814
austeer_loc,rock_genre,2.2529,7.325494,7.819567,5.258505,7.591709
austeer_loc,rock_genre,2.4782,7.348141,7.83677,5.239874,7.603143
austeer_loc,rock_genre,2.7034,7.380652,7.843052,5.240712,7.610955
austeer_loc,rock_genre,2.9287,7.441374,7.895722,5.263511,7.617827
austeer_loc,rock_genre,3.154,7.465502,7.90279,5.251664,7.63442
austeer_loc,rock_genre,3.3793,7.469227,7.897423,5.251597,7.629916
caa_all,rock_genre,-51.0405,6.434542,7.370917,5.71541,7.093002
caa_all,rock_genre,-47.6378,6.459405,7.386171,5.703201,7.127056
caa_all,rock_genre,-44.2351,6.522679,7.416781,5.705103,7.171898
caa_all,rock_genre,-40.8324,6.541342,7.441507,5.707291,7.179855
caa_all,rock_genre,-37.4297,6.575011,7.455581,5.686123,7.215356
caa_all,rock_genre,-34.027,6.615893,7.469398,5.671179,7.220998
caa_all,rock_genre,-30.6243,6.654671,7.502874,5.679408,7.263904
caa_all,rock_genre,-27.2216,6.706443,7.52657,5.665475,7.304679
caa_all,rock_genre,-23.8189,6.741941,7.555828,5.642178,7.334381
caa_all,rock_genre,-20.4162,6.810478,7.597221,5.626622,7.391232
caa_all,rock_genre,-17.0135,6.817489,7.602371,5.612691,7.408562
caa_all,rock_genre,-13.6108,6.851325,7.614299,5.577975,7.431273
caa_all,rock_genre,-10.2081,6.862749,7.6511,5.547517,7.452563
caa_all,rock_genre,-6.8054,6.821484,7.610463,5.496728,7.416154
caa_all,rock_genre,-3.4027,6.810834,7.619012,5.468478,7.427638
caa_all,rock_genre,0.0,6.787309,7.615281,5.445285,7.431516
caa_all,rock_genre,4.3773,6.771393,7.591427,5.369804,7.410218
caa_all,rock_genre,8.7546,6.766301,7.590256,5.327452,7.391829
caa_all,rock_genre,13.1318,6.805383,7.608329,5.266604,7.395543
caa_all,rock_genre,17.5091,6.802541,7.570121,5.198826,7.381914
caa_all,rock_genre,21.8864,6.876226,7.587793,5.177611,7.380402
caa_all,rock_genre,26.2637,6.957404,7.639204,5.178887,7.405289
caa_all,rock_genre,30.641,6.988887,7.638626,5.156287,7.397729
caa_all,rock_genre,35.0182,7.081553,7.664635,5.135568,7.40581
caa_all,rock_genre,39.3955,7.159077,7.707342,5.135652,7.45014
caa_all,rock_genre,43.7728,7.141637,7.69545,5.103154,7.435423
caa_all,rock_genre,48.1501,7.15766,7.711825,5.096673,7.42046
caa_all,rock_genre,52.5274,7.245334,7.762654,5.086497,7.443822
caa_all,rock_genre,56.9046,7.265138,7.761039,5.06657,7.448617
caa_all,rock_genre,61.2819,7.284271,7.785641,5.035523,7.454113
caa_all,rock_genre,65.6592,7.311203,7.779391,5.020898,7.442625
caa_loc,rock_genre,-101.5888,6.003431,7.0587,5.633256,6.862831
caa_loc,rock_genre,-94.8162,6.10322,7.13533,5.665497,6.916076
caa_loc,rock_genre,-88.0436,6.133953,7.142966,5.632909,6.944523
caa_loc,rock_genre,-81.271,6.168295,7.176057,5.617447,6.961713
caa_loc,rock_genre,-74.4985,6.264939,7.248447,5.642876,7.038249
caa_loc,rock_genre,-67.7259,6.271255,7.253995,5.626889,7.055918
caa_loc,rock_genre,-60.9533,6.377257,7.320094,5.633657,7.120228
caa_loc,rock_genre,-54.1807,6.407775,7.352101,5.596332,7.149262
caa_loc,rock_genre,-47.4081,6.441235,7.369583,5.588723,7.175047
caa_loc,rock_genre,-40.6355,6.450191,7.405161,5.539872,7.214193
caa_loc,rock_genre,-33.8629,6.494481,7.441294,5.470808,7.251598
caa_loc,rock_genre,-27.0903,6.543015,7.453081,5.471497,7.263567
caa_loc,rock_genre,-20.3178,6.601468,7.491246,5.45959,7.28992
caa_loc,rock_genre,-13.5452,6.650296,7.512617,5.43183,7.343316
caa_loc,rock_genre,-6.7726,6.701523,7.543733,5.420012,7.363695
caa_loc,rock_genre,0.0,6.787309,7.615281,5.445285,7.431516
caa_loc,rock_genre,8.0494,6.855619,7.641294,5.403407,7.467694
caa_loc,rock_genre,16.0987,6.965008,7.714242,5.422568,7.529575
caa_loc,rock_genre,24.1481,7.010179,7.74792,5.388337,7.537221
caa_loc,rock_genre,32.1974,7.090051,7.762932,5.372487,7.547275
caa_loc,rock_genre,40.2468,7.146682,7.758925,5.340256,7.56328
caa_loc,rock_genre,48.2962,7.24395,7.805986,5.328623,7.585965
caa_loc,rock_genre,56.3455,7.288073,7.817039,5.285201,7.60628
caa_loc,rock_genre,64.3949,7.353376,7.847606,5.27505,7.618624
caa_loc,rock_genre,72.4442,7.40402,7.853145,5.253911,7.617467
caa_loc,rock_genre,80.4936,7.431254,7.868072,5.255933,7.631869
caa_loc,rock_genre,88.543,7.480356,7.918266,5.257337,7.652009
caa_loc,rock_genre,96.5923,7.50844,7.935153,5.225622,7.657138
caa_loc,rock_genre,104.6417,7.520644,7.942886,5.200818,7.668975
caa_loc,rock_genre,112.691,7.529813,7.938064,5.185563,7.653814
caa_loc,rock_genre,120.7404,7.550602,7.945928,5.18065,7.658271
sae,rock_genre,-35.3438,5.642338,6.995533,5.377611,6.834338
sae,rock_genre,-32.9875,5.705658,7.018227,5.39211,6.868097
sae,rock_genre,-30.6313,5.769917,7.079779,5.433772,6.910268
sae,rock_genre,-28.275,5.800348,7.096135,5.423168,6.921619
sae,rock_genre,-25.9188,5.872784,7.132363,5.417755,6.963907
sae,rock_genre,-23.5625,5.932153,7.170096,5.442082,6.99075
sae,rock_genre,-21.2063,5.984445,7.195576,5.449822,7.007114
sae,rock_genre,-18.85,6.016166,7.204646,5.444334,7.009204
sae,rock_genre,-16.4938,6.065606,7.214923,5.445568,7.021207
sae,rock_genre,-14.1375,6.195305,7.277466,5.476737,7.089941
sae,rock_genre,-11.7813,6.232375,7.319097,5.459671,7.124319
sae,rock_genre,-9.425,6.308207,7.376642,5.427629,7.199358
sae,rock_genre,-7.0688,6.425499,7.432461,5.386642,7.265466
sae,rock_genre,-4.7125,6.518644,7.463087,5.383421,7.314314
sae,rock_genre,-2.3563,6.655872,7.541501,5.398506,7.374605
sae,rock_genre,0.0,6.744613,7.56835,5.373714,7.378022
sae,rock_genre,1.93,6.875417,7.641033,5.408404,7.445946
sae,rock_genre,3.8601,6.975834,7.701697,5.419078,7.492878
sae,rock_genre,5.7901,7.089917,7.761306,5.39536,7.546671
sae,rock_genre,7.7201,7.177397,7.79974,5.391543,7.562096
sae,rock_genre,9.6501,7.254535,7.850817,5.406293,7.593512
sae,rock_genre,11.5802,7.320511,7.860896,5.429952,7.608122
sae,rock_genre,13.5102,7.359188,7.87405,5.428587,7.59883
sae,rock_genre,15.4402,7.409583,7.876985,5.434745,7.600832
sae,rock_genre,17.3702,7.421034,7.896928,5.420716,7.597493
sae,rock_genre,19.3003,7.454705,7.91177,5.425824,7.603597
sae,rock_genre,21.2303,7.464788,7.906028,5.444889,7.587574
sae,rock_genre,23.1603,7.459521,7.891181,5.446717,7.576453
sae,rock_genre,25.0903,7.449544,7.878755,5.43245,7.557644
sae,rock_genre,27.0204,7.453757,7.873188,5.435618,7.544302
sae,rock_genre,28.9504,7.451304,7.879223,5.433015,7.533325
pci_all,electronic_music,-30.0,6.526118,7.680617,5.441617,7.558581
pci_all,electronic_music,-28.0,6.510549,7.621247,5.3698,7.544801
pci_all,electronic_music,-26.0,6.474365,7.562,5.308431,7.494731
pci_all,electronic_music,-24.0,6.483099,7.575684,5.339049,7.488063
pci_all,electronic_music,-22.0,6.438042,7.52854,5.300164,7.439813
pci_all,electronic_music,-20.0,6.518675,7.586627,5.338719,7.458093
pci_all,electronic_music,-18.0,6.574625,7.583993,5.349708,7.451029
pci_all,electronic_music,-16.0,6.666603,7.620292,5.390944,7.482882
pci_all,electronic_music,-14.0,6.680146,7.611374,5.392504,7.459967
pci_all,electronic_music,-12.0,6.737943,7.623155,5.405398,7.468244
pci_all,electronic_music,-10.0,6.749494,7.608166,5.420584,7.447385
pci_all,electronic_music,-8.0,6.763876,7.603531,5.426592,7.43104
pci_all,electronic_music,-6.0,6.767981,7.614277,5.430079,7.430166
pci_all,electronic_music,-4.0,6.782017,7.613838,5.434236,7.431432
pci_all,electronic_music,-2.0,6.791313,7.618498,5.436107,7.435361
pci_all,electronic_music,0.0,6.787309,7.615281,5.445285,7.431516
pci_all,electronic_music,2.0,6.787407,7.614684,5.44363,7.431737
pci_all,electronic_music,4.0,6.787109,7.607235,5.42863,7.42767
pci_all,electronic_music,6.0,6.801224,7.628147,5.432874,7.443799
pci_all,electronic_music,8.0,6.810536,7.627601,5.424141,7.448289
pci_all,electronic_music,10.0,6.840954,7.659419,5.411913,7.479884
pci_all,electronic_music,12.0,6.858898,7.689364,5.411512,7.499048
pci_all,electronic_music,14.0,6.890625,7.734146,5.403747,7.520059
pci_all,electronic_music,16.0,6.869321,7.754041,5.371268,7.554103
pci_all,electronic_music,18.0,6.852344,7.755274,5.355294,7.561517
pci_all,electronic_music,20.0,6.850821,7.745014,5.331941,7.550337
pci_all,electronic_music,22.0,6.824701,7.74687,5.274885,7.532342
pci_all,electronic_music,24.0,6.831431,7.771709,5.272965,7.550933
pci_all,electronic_music,26.0,6.858862,7.775548,5.25433,7.562683
pci_all,electronic_music,28.0,6.889869,7.790981,5.263659,7.547773
pci_all,electronic_music,30.0,6.836011,7.761671,5.169943,7.531926
pci_loc,electronic_music,-30.0,6.476808,7.629362,5.413752,7.532762
pci_loc,electronic_music,-28.0,6.512846,7.596655,5.392031,7.514883
pci_loc,electronic_music,-26.0,6.463451,7.551308,5.319789,7.475443
pci_loc,electronic_music,-24.0,6.410433,7.526359,5.314134,7.435785
pci_loc,electronic_music,-22.0,6.441286,7.509201,5.305306,7.420617
pci_loc,electronic_music,-20.0,6.504574,7.548352,5.354947,7.432816
pci_loc,electronic_music,-18.0,6.570021,7.555855,5.38085,7.449501
pci_loc,electronic_music,-16.0,6.587496,7.565124,5.390325,7.430839
pci_loc,electronic_music,-14.0,6.666376,7.590447,5.408851,7.448202
pci_loc,electronic_music,-12.0,6.667294,7.570627,5.391525,7.430582
pci_loc,electronic_music,-10.0,6.698132,7.579498,5.385867,7.431893
pci_loc,electronic_music,-8.0,6.722325,7.580363,5.401374,7.423137
pci_loc,electronic_music,-6.0,6.737119,7.585387,5.412962,7.421841
pci_loc,electronic_music,-4.0,6.742672,7.582244,5.408988,7.413254
pci_loc,electronic_music,-2.0,6.754862,7.581326,5.412119,7.40486
pci_loc,electronic_music,0.0,6.787309,7.615281,5.445285,7.431516
pci_loc,electronic_music,2.0,6.749544,7.579819,5.413732,7.398673
pci_loc,electronic_music,4.0,6.76685,7.602404,5.422196,7.415431
pci_loc,electronic_music,6.0,6.794975,7.61292,5.420437,7.426466
pci_loc,electronic_music,8.0,6.807601,7.628599,5.423213,7.451367
pci_loc,electronic_music,10.0,6.804252,7.639002,5.387739,7.463483
pci_loc,electronic_music,12.0,6.863715,7.692427,5.427225,7.499059
pci_loc,electronic_music,14.0,6.845858,7.704054,5.399836,7.514768
pci_loc,electronic_music,16.0,6.847306,7.718833,5.376017,7.520585
pci_loc,electronic_music,18.0,6.852205,7.739904,5.345067,7.548287
pci_loc,electronic_music,20.0,6.792266,7.708996,5.293962,7.517981
pci_loc,electronic_music,22.0,6.815429,7.715461,5.309343,7.514967
pci_loc,electronic_music,24.0,6.864566,7.769034,5.296616,7.549822
pci_loc,electronic_music,26.0,6.858191,7.777032,5.277977,7.543522
pci_loc,electronic_music,28.0,6.863515,7.768112,5.263404,7.534795
pci_loc,electronic_music,30.0,6.823484,7.777416,5.170219,7.549146
textemb_all,electronic_music,-0.4789,5.372827,6.631186,4.690812,6.65358
textemb_all,electronic_music,-0.447,5.395993,6.613727,4.677645,6.631253
textemb_all,electronic_music,-0.415,5.43773,6.678967,4.726581,6.683845
textemb_all,electronic_music,-0.3831,5.519489,6.70667,4.805578,6.705192
textemb_all,electronic_music,-0.3512,5.638812,6.779871,4.875731,6.753274
textemb_all,electronic_music,-0.3193,5.69758,6.817314,4.913685,6.752086
textemb_all,electronic_music,-0.2873,5.779431,6.896074,4.964277,6.81768
textemb_all,electronic_music,-0.2554,5.896451,6.947696,4.992763,6.867368
textemb_all,electronic_music,-0.2235,5.999926,7.008392,5.055605,6.927907
textemb_all,electronic_music,-0.1916,6.110636,7.082648,5.138843,6.992089
textemb_all,electronic_music,-0.1596,6.439593,7.301143,5.364658,7.186917
textemb_all,electronic_music,-0.1277,6.65296,7.454342,5.475873,7.3032
textemb_all,electronic_music,-0.0958,6.76242,7.606039,5.438955,7.421185
textemb_all,electronic_music,-0.0639,6.849944,7.667296,5.433574,7.460586
textemb_all,electronic_music,-0.0319,6.822926,7.65082,5.427015,7.454237
textemb_all,electronic_music,0.0,6.787309,7.615281,5.445285,7.431516
textemb_all,electronic_music,0.0345,6.854738,7.659094,5.44078,7.454009
textemb_all,electronic_music,0.0691,6.825516,7.655553,5.438632,7.451462
textemb_all,electronic_music,0.1036,6.829367,7.595834,5.440541,7.38201
textemb_all,electronic_music,0.1382,6.681004,7.486015,5.316982,7.292111
textemb_all,electronic_music,0.1727,6.534621,7.358761,5.271735,7.187439
textemb_all,electronic_music,0.2073,6.429713,7.264649,5.195555,7.155618
textemb_all,electronic_music,0.2418,6.340731,7.2011,5.137153,7.11584
textemb_all,electronic_music,0.2764,6.302275,7.169328,5.113826,7.088461
textemb_all,electronic_music,0.3109,6.223383,7.130577,5.056962,7.09411
textemb_all,electronic_music,0.3455,6.118169,7.089993,4.996834,7.054734
textemb_all,electronic_music,0.38,6.049145,7.059937,4.922447,7.02611
textemb_all,electronic_music,0.4146,5.999316,7.00692,4.806829,7.012907
textemb_all,electronic_music,0.4491,5.886258,6.938973,4.756211,6.931443
textemb_all,electronic_music,0.4837,5.841644,6.906075,4.738814,6.903796
textemb_all,electronic_music,0.5182,5.840579,6.885278,4.744892,6.894328
textemb_loc,electronic_music,-0.8046,6.232943,7.210014,5.570046,7.180827
textemb_loc,electronic_music,-0.751,6.319152,7.249875,5.598151,7.219719
textemb_loc,electronic_music,-0.6973,6.306328,7.216756,5.609106,7.210547
textemb_loc,electronic_music,-0.6437,6.34939,7.235829,5.586608,7.245612
textemb_loc,electronic_music,-0.59,6.423156,7.295744,5.581666,7.293864
textemb_loc,electronic_music,-0.5364,6.423934,7.308563,5.562509,7.282467
textemb_loc,electronic_music,-0.4828,6.429887,7.285665,5.574265,7.2624
textemb_loc,electronic_music,-0.4291,6.460931,7.331776,5.527935,7.281869
textemb_loc,electronic_music,-0.3755,6.546316,7.390208,5.532418,7.297575
textemb_loc,electronic_music,-0.3218,6.633027,7.467122,5.574031,7.36665
textemb_loc,electronic_music,-0.2682,6.668575,7.492992,5.570108,7.379621
textemb_loc,electronic_music,-0.2146,6.612651,7.458113,5.432602,7.335369
textemb_loc,electronic_music,-0.1609,6.779575,7.589307,5.480076,7.3989
textemb_loc,electronic_music,-0.1073,6.843938,7.668514,5.485754,7.4378
textemb_loc,electronic_music,-0.0536,6.769084,7.619486,5.43859,7.419422
textemb_loc,electronic_music,0.0,6.787309,7.615281,5.445285,7.431516
textemb_loc,electronic_music,0.058,6.8493,7.649283,5.441433,7.463176
textemb_loc,electronic_music,0.116,6.847137,7.615351,5.398074,7.4225
textemb_loc,electronic_music,0.1739,6.74339,7.544264,5.35929,7.353875
textemb_loc,electronic_music,0.2319,6.704445,7.489379,5.391143,7.315581
textemb_loc,electronic_music,0.2899,6.776743,7.521719,5.465229,7.366377
textemb_loc,electronic_music,0.3479,6.755804,7.505324,5.488168,7.373467
textemb_loc,electronic_music,0.4059,6.744227,7.452928,5.497291,7.366581
textemb_loc,electronic_music,0.4638,6.675645,7.395953,5.463694,7.336532
textemb_loc,electronic_music,0.5218,6.67149,7.40147,5.486673,7.343223
textemb_loc,electronic_music,0.5798,6.655956,7.395777,5.496152,7.3261
textemb_loc,electronic_music,0.6378,6.662979,7.378758,5.526842,7.312428
textemb_loc,electronic_music,0.6958,6.623915,7.31698,5.566874,7.280194
textemb_loc,electronic_music,0.7537,6.60747,7.303828,5.565903,7.280239
textemb_loc,electronic_music,0.8117,6.586397,7.296942,5.594064,7.289218
textemb_loc,electronic_music,0.8697,6.577703,7.267236,5.576702,7.268235
tokemb_all,electronic_music,-1.8983,5.491916,6.717794,5.049455,6.76164
tokemb_all,electronic_music,-1.7717,5.805054,6.982048,5.147485,6.968252
tokemb_all,electronic_music,-1.6452,6.017298,7.119758,5.240249,7.052777
tokemb_all,electronic_music,-1.5186,6.104857,7.177496,5.251541,7.109064
tokemb_all,electronic_music,-1.3921,6.203539,7.253173,5.217479,7.127728
tokemb_all,electronic_music,-1.2655,6.318636,7.317521,5.247708,7.209035
tokemb_all,electronic_music,-1.139,6.392417,7.345582,5.288485,7.246573
tokemb_all,electronic_music,-1.0124,6.450551,7.348668,5.321318,7.239878
tokemb_all,electronic_music,-0.8859,6.512998,7.406476,5.342126,7.263315
tokemb_all,electronic_music,-0.7593,6.457885,7.357721,5.293972,7.226489
tokemb_all,electronic_music,-0.6328,6.495637,7.387235,5.331224,7.238165
tokemb_all,electronic_music,-0.5062,6.558719,7.426574,5.357633,7.274199
tokemb_all,electronic_music,-0.3797,6.627656,7.484135,5.407204,7.314317
tokemb_all,electronic_music,-0.2531,6.723975,7.574742,5.416193,7.407325
tokemb_all,electronic_music,-0.1266,6.762551,7.58628,5.432005,7.405396
tokemb_all,electronic_music,0.0,6.787309,7.615281,5.445285,7.431516
tokemb_all,electronic_music,0.3258,6.77891,7.581639,5.443715,7.40399
tokemb_all,electronic_music,0.6516,6.831911,7.618384,5.463981,7.426655
tokemb_all,electronic_music,0.9774,6.817895,7.603586,5.426617,7.41414
tokemb_all,electronic_music,1.3032,6.775246,7.601797,5.377962,7.38844
tokemb_all,electronic_music,1.629,6.811723,7.623588,5.37445,7.41887
tokemb_all,electronic_music,1.9548,6.834635,7.609537,5.370932,7.407945
tokemb_all,electronic_music,2.2806,6.856597,7.606111,5.333251,7.4192
tokemb_all,electronic_music,2.6065,6.865954,7.598468,5.29064,7.409198
tokemb_all,electronic_music,2.9323,6.899831,7.6032,5.279085,7.415278
tokemb_all,electronic_music,3.2581,6.901277,7.612006,5.229979,7.428049
tokemb_all,electronic_music,3.5839,6.913574,7.611884,5.21231,7.47482
tokemb_all,electronic_music,3.9097,6.970366,7.642418,5.222849,7.497986
tokemb_all,electronic_music,4.2355,6.983482,7.650736,5.199129,7.526632
tokemb_all,electronic_music,4.5613,7.097649,7.727168,5.196426,7.612298
tokemb_all,electronic_music,4.8871,7.152697,7.73486,5.186358,7.644114
tokemb_loc,electronic_music,-2.2171,6.478756,7.310375,5.752903,7.061097
tokemb_loc,electronic_music,-2.0693,6.590105,7.378023,5.742368,7.159322
tokemb_loc,electronic_music,-1.9215,6.701713,7.461042,5.731719,7.215737
tokemb_loc,electronic_music,-1.7737,6.811319,7.551394,5.737073,7.318293
tokemb_loc,electronic_music,-1.6259,6.811061,7.578091,5.680422,7.335047
tokemb_loc,electronic_music,-1.4781,6.811103,7.58053,5.63554,7.361757
tokemb_loc,electronic_music,-1.3303,6.816436,7.597246,5.602893,7.383628
tokemb_loc,electronic_music,-1.1825,6.821066,7.585025,5.599364,7.411194
tokemb_loc,electronic_music,-1.0346,6.804396,7.580373,5.550692,7.428589
tokemb_loc,electronic_music,-0.8868,6.761881,7.533541,5.523968,7.383963
tokemb_loc,electronic_music,-0.739,6.747888,7.525287,5.505442,7.369002
tokemb_loc,electronic_music,-0.5912,6.697796,7.525407,5.486278,7.371159
tokemb_loc,electronic_music,-0.4434,6.699133,7.551946,5.424519,7.3669
tokemb_loc,electronic_music,-0.2956,6.747185,7.583993,5.448231,7.399075
tokemb_loc,electronic_music,-0.1478,6.751801,7.55783,5.421159,7.39026
tokemb_loc,electronic_music,0.0,6.787309,7.615281,5.445285,7.431516
tokemb_loc,electronic_music,0.3214,6.768981,7.582811,5.419016,7.398676
tokemb_loc,electronic_music,0.6427,6.804093,7.602326,5.440661,7.415665
tokemb_loc,electronic_music,0.9641,6.84051,7.61017,5.439831,7.399319
tokemb_loc,electronic_music,1.2855,6.841499,7.610221,5.445658,7.405171
tokemb_loc,electronic_music,1.6068,6.823712,7.601372,5.422704,7.393701
tokemb_loc,electronic_music,1.9282,6.830841,7.603956,5.377325,7.383191
tokemb_loc,electronic_music,2.2496,6.862189,7.598533,5.347473,7.380249
tokemb_loc,electronic_music,2.5709,6.834607,7.585017,5.324252,7.365968
tokemb_loc,electronic_music,2.8923,6.869008,7.596379,5.317369,7.394781
tokemb_loc,electronic_music,3.2137,6.836432,7.560731,5.293909,7.377752
tokemb_loc,electronic_music,3.535,6.871238,7.587673,5.288165,7.425146
tokemb_loc,electronic_music,3.8564,6.868473,7.592992,5.24652,7.459142
tokemb_loc,electronic_music,4.1778,6.937211,7.638519,5.245749,7.513772
tokemb_loc,electronic_music,4.4991,6.9811,7.658936,5.237552,7.549306
tokemb_loc,electronic_music,4.8205,7.032651,7.672762,5.24893,7.567152
freesliders_all,electronic_music,-2.7419,6.571447,7.607117,5.664281,7.550299
freesliders_all,electronic_music,-2.5591,6.605908,7.617763,5.633158,7.561425
freesliders_all,electronic_music,-2.3763,6.587604,7.579809,5.591897,7.512097
freesliders_all,electronic_music,-2.1935,6.566327,7.565102,5.562924,7.489599
freesliders_all,electronic_music,-2.0107,6.579957,7.567359,5.568879,7.492161
freesliders_all,electronic_music,-1.8279,6.629998,7.586716,5.5741,7.496405
freesliders_all,electronic_music,-1.6451,6.659745,7.601512,5.567029,7.507892
freesliders_all,electronic_music,-1.4623,6.671016,7.600632,5.52624,7.494373
freesliders_all,electronic_music,-1.2796,6.64132,7.59332,5.514712,7.46785
freesliders_all,electronic_music,-1.0968,6.685383,7.624137,5.512158,7.483954
freesliders_all,electronic_music,-0.914,6.717331,7.626864,5.512244,7.4832
freesliders_all,electronic_music,-0.7312,6.727919,7.600504,5.497772,7.464296
freesliders_all,electronic_music,-0.5484,6.750042,7.606644,5.470079,7.464059
freesliders_all,electronic_music,-0.3656,6.750886,7.617909,5.474025,7.456783
freesliders_all,electronic_music,-0.1828,6.758,7.60092,5.426046,7.431622
freesliders_all,electronic_music,0.0,6.787309,7.615281,5.445285,7.431516
freesliders_all,electronic_music,0.2239,6.816633,7.599119,5.414551,7.408196
freesliders_all,electronic_music,0.4477,6.826225,7.602761,5.368025,7.399259
freesliders_all,electronic_music,0.6716,6.836283,7.584992,5.348607,7.377574
freesliders_all,electronic_music,0.8954,6.892072,7.640415,5.314671,7.422373
freesliders_all,electronic_music,1.1193,6.864899,7.626117,5.281995,7.399513
freesliders_all,electronic_music,1.3432,6.862009,7.609682,5.239617,7.394535
freesliders_all,electronic_music,1.567,6.862083,7.629742,5.194113,7.408502
freesliders_all,electronic_music,1.7909,6.841256,7.589907,5.139847,7.369733
freesliders_all,electronic_music,2.0147,6.839787,7.599396,5.118031,7.382275
freesliders_all,electronic_music,2.2386,6.901151,7.639833,5.102886,7.415832
freesliders_all,electronic_music,2.4625,6.915313,7.646714,5.109066,7.407936
freesliders_all,electronic_music,2.6863,6.951661,7.673866,5.088803,7.455327
freesliders_all,electronic_music,2.9102,6.973795,7.679669,5.119344,7.463647
freesliders_all,electronic_music,3.134,6.995833,7.716922,5.108609,7.476662
freesliders_all,electronic_music,3.3579,7.040489,7.721274,5.099947,7.470954
freesliders_loc,electronic_music,-2.9173,6.570362,7.60353,5.622748,7.544103
freesliders_loc,electronic_music,-2.7228,6.578441,7.586905,5.632719,7.522871
freesliders_loc,electronic_music,-2.5283,6.54961,7.576927,5.576927,7.50677
freesliders_loc,electronic_music,-2.3338,6.555802,7.569405,5.543281,7.489968
freesliders_loc,electronic_music,-2.1394,6.566793,7.562404,5.531403,7.484798
freesliders_loc,electronic_music,-1.9449,6.587997,7.581043,5.542738,7.490066
freesliders_loc,electronic_music,-1.7504,6.615259,7.598363,5.515917,7.507798
freesliders_loc,electronic_music,-1.5559,6.647827,7.607816,5.53456,7.497742
freesliders_loc,electronic_music,-1.3614,6.61807,7.57538,5.478063,7.463577
freesliders_loc,electronic_music,-1.1669,6.625039,7.5944,5.482119,7.471512
freesliders_loc,electronic_music,-0.9724,6.673953,7.615025,5.494748,7.48136
freesliders_loc,electronic_music,-0.7779,6.748376,7.632766,5.495621,7.496187
freesliders_loc,electronic_music,-0.5835,6.764379,7.631179,5.483015,7.484472
freesliders_loc,electronic_music,-0.389,6.758805,7.631031,5.473431,7.477748
freesliders_loc,electronic_music,-0.1945,6.74244,7.592963,5.416492,7.424299
freesliders_loc,electronic_music,0.0,6.787309,7.615281,5.445285,7.431516
freesliders_loc,electronic_music,0.2476,6.816014,7.60824,5.395777,7.417221
freesliders_loc,electronic_music,0.4951,6.822677,7.605859,5.355526,7.392655
freesliders_loc,electronic_music,0.7427,6.84802,7.598815,5.353375,7.381897
freesliders_loc,electronic_music,0.9902,6.864287,7.616523,5.316556,7.386082
freesliders_loc,electronic_music,1.2378,6.9034,7.640085,5.298694,7.417731
freesliders_loc,electronic_music,1.4854,6.854898,7.623555,5.227037,7.401165
freesliders_loc,electronic_music,1.7329,6.851953,7.601014,5.189454,7.388369
freesliders_loc,electronic_music,1.9805,6.85378,7.625937,5.162789,7.390314
freesliders_loc,electronic_music,2.228,6.875367,7.627076,5.165082,7.388297
freesliders_loc,electronic_music,2.4756,6.914775,7.655434,5.172032,7.431674
freesliders_loc,electronic_music,2.7232,6.946791,7.689901,5.152846,7.452977
freesliders_loc,electronic_music,2.9707,7.003702,7.703944,5.168486,7.473094
freesliders_loc,electronic_music,3.2183,7.011788,7.724301,5.139318,7.476001
freesliders_loc,electronic_music,3.4658,7.035266,7.751055,5.12111,7.502675
freesliders_loc,electronic_music,3.7134,7.024051,7.752232,5.091317,7.490899
cs_all,electronic_music,-0.3807,5.740636,7.150469,5.37794,7.051054
cs_all,electronic_music,-0.3553,5.777658,7.183108,5.37492,7.060304
cs_all,electronic_music,-0.3299,5.898805,7.211434,5.409526,7.084935
cs_all,electronic_music,-0.3046,5.971251,7.226435,5.455188,7.081217
cs_all,electronic_music,-0.2792,6.078584,7.264569,5.468892,7.113197
cs_all,electronic_music,-0.2538,6.161645,7.311029,5.499655,7.156587
cs_all,electronic_music,-0.2284,6.24159,7.346821,5.538901,7.193835
cs_all,electronic_music,-0.203,6.300988,7.356817,5.538248,7.205795
cs_all,electronic_music,-0.1777,6.398281,7.394753,5.530444,7.234987
cs_all,electronic_music,-0.1523,6.43915,7.42788,5.48978,7.270159
cs_all,electronic_music,-0.1269,6.502398,7.454248,5.499127,7.292954
cs_all,electronic_music,-0.1015,6.530199,7.47785,5.467304,7.310331
cs_all,electronic_music,-0.0761,6.588549,7.4866,5.438817,7.323184
cs_all,electronic_music,-0.0508,6.670681,7.524978,5.432614,7.350372
cs_all,electronic_music,-0.0254,6.710795,7.537379,5.412889,7.370909
cs_all,electronic_music,0.0,6.761388,7.589628,5.382251,7.404803
cs_all,electronic_music,0.0173,6.795544,7.611131,5.421687,7.408536
cs_all,electronic_music,0.0346,6.857173,7.631725,5.414685,7.41799
cs_all,electronic_music,0.0519,6.904949,7.666127,5.385215,7.460929
cs_all,electronic_music,0.0692,6.93571,7.675038,5.374671,7.492425
cs_all,electronic_music,0.0865,6.954058,7.658127,5.338075,7.491308
cs_all,electronic_music,0.1038,6.975583,7.687196,5.300188,7.507848
cs_all,electronic_music,0.1211,6.998472,7.701262,5.269446,7.509151
cs_all,electronic_music,0.1384,7.022137,7.708921,5.222822,7.509586
cs_all,electronic_music,0.1557,7.047854,7.720158,5.195445,7.521563
cs_all,electronic_music,0.173,7.062273,7.740652,5.163555,7.530273
cs_all,electronic_music,0.1903,7.087582,7.755879,5.139492,7.540569
cs_all,electronic_music,0.2076,7.099548,7.75636,5.098156,7.540825
cs_all,electronic_music,0.2249,7.101131,7.750208,5.072942,7.530523
cs_all,electronic_music,0.2422,7.108096,7.729102,5.026578,7.512955
cs_all,electronic_music,0.2595,7.10746,7.725246,5.005807,7.505584
cs_loc,electronic_music,-1.5919,6.272708,7.355224,5.719125,7.140052
cs_loc,electronic_music,-1.4858,6.340538,7.377308,5.70541,7.173145
cs_loc,electronic_music,-1.3796,6.410694,7.406898,5.710718,7.21672
cs_loc,electronic_music,-1.2735,6.471798,7.451719,5.691738,7.261865
cs_loc,electronic_music,-1.1674,6.517602,7.469353,5.672298,7.282223
cs_loc,electronic_music,-1.0613,6.537368,7.479472,5.661287,7.30029
cs_loc,electronic_music,-0.9551,6.555714,7.492149,5.640183,7.321129
cs_loc,electronic_music,-0.849,6.540831,7.482957,5.598372,7.312356
cs_loc,electronic_music,-0.7429,6.563983,7.492129,5.600055,7.319882
cs_loc,electronic_music,-0.6368,6.620715,7.513935,5.586376,7.332583
cs_loc,electronic_music,-0.5306,6.632604,7.522377,5.558311,7.363708
cs_loc,electronic_music,-0.4245,6.671647,7.528307,5.526152,7.370116
cs_loc,electronic_music,-0.3184,6.707774,7.557845,5.499675,7.396426
cs_loc,electronic_music,-0.2123,6.693497,7.521776,5.456421,7.351856
cs_loc,electronic_music,-0.1061,6.730259,7.54292,5.429535,7.380714
cs_loc,electronic_music,0.0,6.761388,7.589628,5.382251,7.404803
cs_loc,electronic_music,0.0605,6.811042,7.621594,5.42396,7.415144
cs_loc,electronic_music,0.1209,6.804664,7.631683,5.388405,7.412958
cs_loc,electronic_music,0.1814,6.80789,7.614967,5.351454,7.420961
cs_loc,electronic_music,0.2419,6.808551,7.634547,5.296798,7.432022
cs_loc,electronic_music,0.3023,6.80361,7.628808,5.293577,7.430573
cs_loc,electronic_music,0.3628,6.832626,7.633582,5.272988,7.430349
cs_loc,electronic_music,0.4233,6.84581,7.651912,5.232425,7.461413
cs_loc,electronic_music,0.4837,6.829255,7.639705,5.187809,7.441726
cs_loc,electronic_music,0.5442,6.845577,7.633532,5.178667,7.424096
cs_loc,electronic_music,0.6047,6.87891,7.645372,5.126391,7.433557
cs_loc,electronic_music,0.6651,6.857137,7.643317,5.067018,7.440634
cs_loc,electronic_music,0.7256,6.893906,7.628772,5.038227,7.428383
cs_loc,electronic_music,0.7861,6.919064,7.668179,4.986353,7.448861
cs_loc,electronic_music,0.8465,6.953286,7.693058,5.004904,7.460727
cs_loc,electronic_music,0.907,6.922778,7.672096,4.994431,7.439203
austeer_all,electronic_music,-5.3317,5.937693,7.324318,5.486129,7.16852
austeer_all,electronic_music,-4.9763,5.936996,7.305044,5.490957,7.155061
austeer_all,electronic_music,-4.6208,6.023967,7.333819,5.499119,7.193339
austeer_all,electronic_music,-4.2654,6.047166,7.341389,5.458654,7.209457
austeer_all,electronic_music,-3.9099,6.071792,7.335584,5.420884,7.211283
austeer_all,electronic_music,-3.5545,6.101535,7.333527,5.415417,7.207644
austeer_all,electronic_music,-3.199,6.177735,7.362633,5.415379,7.242899
austeer_all,electronic_music,-2.8436,6.228313,7.392852,5.414752,7.26941
austeer_all,electronic_music,-2.4881,6.312266,7.438145,5.424719,7.322071
austeer_all,electronic_music,-2.1327,6.406323,7.486215,5.45224,7.341882
austeer_all,electronic_music,-1.7772,6.494344,7.519278,5.428654,7.392245
austeer_all,electronic_music,-1.4218,6.555633,7.530942,5.435984,7.3979
austeer_all,electronic_music,-1.0663,6.57048,7.524773,5.396314,7.390214
austeer_all,electronic_music,-0.7109,6.638302,7.539358,5.403447,7.395194
austeer_all,electronic_music,-0.3554,6.73306,7.586929,5.397625,7.417531
austeer_all,electronic_music,0.0,6.757402,7.591703,5.389435,7.397935
austeer_all,electronic_music,0.4258,6.799467,7.579265,5.384941,7.387684
austeer_all,electronic_music,0.8516,6.835788,7.600586,5.351623,7.417024
austeer_all,electronic_music,1.2774,6.864088,7.622606,5.359206,7.405284
austeer_all,electronic_music,1.7032,6.878882,7.613523,5.343073,7.378807
austeer_all,electronic_music,2.129,6.826809,7.612778,5.300032,7.369618
austeer_all,electronic_music,2.5548,6.836587,7.617902,5.289705,7.380363
austeer_all,electronic_music,2.9806,6.818047,7.610611,5.258811,7.365859
austeer_all,electronic_music,3.4063,6.80832,7.593786,5.239725,7.349647
austeer_all,electronic_music,3.8321,6.819858,7.593647,5.215697,7.36151
austeer_all,electronic_music,4.2579,6.780527,7.579608,5.186243,7.360383
austeer_all,electronic_music,4.6837,6.771906,7.57192,5.172524,7.342029
austeer_all,electronic_music,5.1095,6.758528,7.573784,5.145507,7.35458
austeer_all,electronic_music,5.5353,6.776887,7.591578,5.133918,7.374807
austeer_all,electronic_music,5.9611,6.765274,7.591221,5.110693,7.373825
austeer_all,electronic_music,6.3869,6.750451,7.565248,5.093764,7.346934
austeer_loc,electronic_music,-5.8335,6.140734,7.449112,5.496588,7.324484
austeer_loc,electronic_music,-5.4446,6.156468,7.424443,5.486306,7.298103
austeer_loc,electronic_music,-5.0557,6.185043,7.433839,5.464035,7.30226
austeer_loc,electronic_music,-4.6668,6.250636,7.463745,5.47984,7.326539
austeer_loc,electronic_music,-4.2779,6.231626,7.440671,5.464919,7.290476
austeer_loc,electronic_music,-3.889,6.251951,7.421852,5.432377,7.299482
austeer_loc,electronic_music,-3.5001,6.319391,7.477846,5.44395,7.336494
austeer_loc,electronic_music,-3.1112,6.411234,7.490381,5.45894,7.35628
austeer_loc,electronic_music,-2.7223,6.457967,7.516279,5.444879,7.384215
austeer_loc,electronic_music,-2.3334,6.53127,7.531629,5.46743,7.392542
austeer_loc,electronic_music,-1.9445,6.604848,7.574135,5.467619,7.436311
austeer_loc,electronic_music,-1.5556,6.637784,7.576611,5.463165,7.441833
austeer_loc,electronic_music,-1.1667,6.677417,7.565793,5.457403,7.425586
austeer_loc,electronic_music,-0.7778,6.708224,7.581904,5.445378,7.41369
austeer_loc,electronic_music,-0.3889,6.737,7.592377,5.420337,7.425642
austeer_loc,electronic_music,0.0,6.787309,7.615281,5.445285,7.431516
austeer_loc,electronic_music,0.4446,6.861574,7.63291,5.415528,7.451131
austeer_loc,electronic_music,0.8892,6.830259,7.599656,5.349956,7.431321
austeer_loc,electronic_music,1.3339,6.876336,7.654753,5.332171,7.46804
austeer_loc,electronic_music,1.7785,6.887985,7.675803,5.306874,7.470963
austeer_loc,electronic_music,2.2231,6.873289,7.675771,5.313563,7.448743
austeer_loc,electronic_music,2.6677,6.857409,7.683714,5.276552,7.438576
austeer_loc,electronic_music,3.1123,6.809347,7.642267,5.203413,7.394339
austeer_loc,electronic_music,3.557,6.865264,7.678981,5.216835,7.414411
austeer_loc,electronic_music,4.0016,6.882511,7.686315,5.182382,7.422449
austeer_loc,electronic_music,4.4462,6.866994,7.677557,5.158145,7.409313
austeer_loc,electronic_music,4.8908,6.869173,7.694791,5.134251,7.420753
austeer_loc,electronic_music,5.3354,6.857631,7.678834,5.106823,7.414252
austeer_loc,electronic_music,5.7801,6.876041,7.693092,5.094608,7.431048
austeer_loc,electronic_music,6.2247,6.868006,7.689057,5.075713,7.419187
austeer_loc,electronic_music,6.6693,6.873115,7.677567,5.073021,7.40984
caa_all,electronic_music,-62.4085,6.439471,7.49747,5.634183,7.429834
caa_all,electronic_music,-58.2479,6.465666,7.490471,5.639201,7.438106
caa_all,electronic_music,-54.0874,6.452142,7.493058,5.606323,7.438286
caa_all,electronic_music,-49.9268,6.502852,7.52603,5.572165,7.462616
caa_all,electronic_music,-45.7662,6.487605,7.510062,5.556264,7.452431
caa_all,electronic_music,-41.6057,6.550082,7.533887,5.564911,7.469076
caa_all,electronic_music,-37.4451,6.546973,7.534293,5.565572,7.455268
caa_all,electronic_music,-33.2845,6.603816,7.561444,5.562268,7.466476
caa_all,electronic_music,-29.124,6.59016,7.55775,5.532149,7.465869
caa_all,electronic_music,-24.9634,6.62743,7.560966,5.537092,7.47176
caa_all,electronic_music,-20.8028,6.690066,7.577837,5.531018,7.477259
caa_all,electronic_music,-16.6423,6.72003,7.601452,5.514724,7.482443
caa_all,electronic_music,-12.4817,6.659799,7.563202,5.444189,7.442824
caa_all,electronic_music,-8.3211,6.692035,7.565941,5.442608,7.427593
caa_all,electronic_music,-4.1606,6.748763,7.607095,5.416348,7.455665
caa_all,electronic_music,0.0,6.787309,7.615281,5.445285,7.431516
caa_all,electronic_music,5.1197,6.841731,7.611525,5.423212,7.409345
caa_all,electronic_music,10.2394,6.842408,7.60455,5.345585,7.393153
caa_all,electronic_music,15.3591,6.878802,7.648754,5.277734,7.431791
caa_all,electronic_music,20.4788,6.911007,7.642972,5.269525,7.424682
caa_all,electronic_music,25.5985,6.914504,7.629147,5.22034,7.407298
caa_all,electronic_music,30.7182,6.9494,7.679545,5.163402,7.443048
caa_all,electronic_music,35.8379,6.972849,7.705988,5.137427,7.455674
caa_all,electronic_music,40.9577,6.988583,7.743199,5.063585,7.476937
caa_all,electronic_music,46.0774,7.020666,7.756118,5.044427,7.495247
caa_all,electronic_music,51.1971,7.062317,7.776774,5.024602,7.525954
caa_all,electronic_music,56.3168,7.08244,7.795027,5.035852,7.544085
caa_all,electronic_music,61.4365,7.077032,7.79147,5.004721,7.530367
caa_all,electronic_music,66.5562,7.056273,7.774181,4.988476,7.543012
caa_all,electronic_music,71.6759,7.08974,7.790563,4.955574,7.565723
caa_all,electronic_music,76.7956,7.095741,7.806699,4.917884,7.585932
caa_loc,electronic_music,-147.1525,6.388884,7.542703,5.571345,7.488777
caa_loc,electronic_music,-137.3423,6.3679,7.520133,5.571737,7.473575
caa_loc,electronic_music,-127.5322,6.303836,7.469035,5.504559,7.421343
caa_loc,electronic_music,-117.722,6.382536,7.478887,5.501145,7.439136
caa_loc,electronic_music,-107.9118,6.360542,7.473316,5.461877,7.416927
caa_loc,electronic_music,-98.1017,6.384427,7.472257,5.444361,7.405457
caa_loc,electronic_music,-88.2915,6.382381,7.475043,5.429181,7.390992
caa_loc,electronic_music,-78.4813,6.422024,7.501528,5.439157,7.39912
caa_loc,electronic_music,-68.6712,6.488205,7.512839,5.48024,7.399818
caa_loc,electronic_music,-58.861,6.532323,7.519479,5.48405,7.39826
caa_loc,electronic_music,-49.0508,6.632106,7.571703,5.488061,7.455057
caa_loc,electronic_music,-39.2407,6.649322,7.574001,5.468756,7.451336
caa_loc,electronic_music,-29.4305,6.660745,7.558694,5.44262,7.408521
caa_loc,electronic_music,-19.6203,6.701472,7.58637,5.442777,7.429481
caa_loc,electronic_music,-9.8102,6.724775,7.5694,5.410263,7.402234
caa_loc,electronic_music,0.0,6.787309,7.615281,5.445285,7.431516
caa_loc,electronic_music,12.3304,6.854421,7.637012,5.416021,7.441477
caa_loc,electronic_music,24.6608,6.911457,7.647537,5.379588,7.44595
caa_loc,electronic_music,36.9912,6.924025,7.66008,5.317814,7.463953
caa_loc,electronic_music,49.3217,6.955663,7.689427,5.305381,7.476467
caa_loc,electronic_music,61.6521,6.938214,7.687361,5.230126,7.464581
caa_loc,electronic_music,73.9825,6.958352,7.707204,5.221295,7.470501
caa_loc,electronic_music,86.3129,6.983185,7.723681,5.169755,7.482703
caa_loc,electronic_music,98.6433,7.009462,7.738485,5.144721,7.497113
caa_loc,electronic_music,110.9737,7.04737,7.759001,5.118348,7.508692
caa_loc,electronic_music,123.3041,7.095888,7.795025,5.103706,7.556491
caa_loc,electronic_music,135.6345,7.104697,7.791042,5.080813,7.568958
caa_loc,electronic_music,147.965,7.104989,7.790614,5.035147,7.561582
caa_loc,electronic_music,160.2954,7.121419,7.818662,4.980056,7.582922
caa_loc,electronic_music,172.6258,7.1867,7.850756,4.98626,7.633983
caa_loc,electronic_music,184.9562,7.179981,7.833031,4.960088,7.617215
sae,electronic_music,-52.692,5.982449,7.133701,5.470669,7.015893
sae,electronic_music,-49.1792,6.073756,7.182135,5.488125,7.054827
sae,electronic_music,-45.6664,6.10181,7.21777,5.46539,7.081711
sae,electronic_music,-42.1536,6.157197,7.236687,5.470492,7.103625
sae,electronic_music,-38.6408,6.20627,7.278818,5.46117,7.154174
sae,electronic_music,-35.128,6.19827,7.278461,5.461711,7.14802
sae,electronic_music,-31.6152,6.248427,7.319732,5.460997,7.167614
sae,electronic_music,-28.1024,6.293635,7.343312,5.464746,7.188573
sae,electronic_music,-24.5896,6.375234,7.402282,5.48124,7.223099
sae,electronic_music,-21.0768,6.406274,7.408171,5.480856,7.238993
sae,electronic_music,-17.564,6.457123,7.444601,5.467601,7.266944
sae,electronic_music,-14.0512,6.457561,7.451086,5.461618,7.276138
sae,electronic_music,-10.5384,6.504509,7.481164,5.408212,7.333897
sae,electronic_music,-7.0256,6.576128,7.51687,5.398334,7.360814
sae,electronic_music,-3.5128,6.682363,7.558013,5.382153,7.407646
sae,electronic_music,0.0,6.744613,7.56835,5.373714,7.378022
sae,electronic_music,2.4996,6.823678,7.631073,5.407213,7.436329
sae,electronic_music,4.9992,6.798657,7.628297,5.336709,7.425399
sae,electronic_music,7.4988,6.784329,7.631243,5.288132,7.427677
sae,electronic_music,9.9983,6.764126,7.632358,5.268315,7.426586
sae,electronic_music,12.4979,6.75011,7.638175,5.293196,7.437387
sae,electronic_music,14.9975,6.744786,7.646307,5.278207,7.440045
sae,electronic_music,17.4971,6.766406,7.663883,5.26969,7.466585
sae,electronic_music,19.9967,6.773732,7.666239,5.253972,7.459851
sae,electronic_music,22.4963,6.754042,7.665357,5.25354,7.464522
sae,electronic_music,24.9959,6.771814,7.671926,5.248445,7.469401
sae,electronic_music,27.4955,6.748447,7.67129,5.245954,7.473212
sae,electronic_music,29.995,6.743272,7.678557,5.238319,7.485766
sae,electronic_music,32.4946,6.737711,7.665912,5.243549,7.490333
sae,electronic_music,34.9942,6.723721,7.67216,5.254278,7.498711
sae,electronic_music,37.4938,6.733946,7.669338,5.234358,7.502586
